UMAP_1,UMAP_2,SMILES,Label,Status
7.448696,-0.371183,COc1ccc(C(=O)Cc2c(Cl)cncc2Cl)cc1OC,1,pool
7.428133,-0.5081288,COc1ccc(C(=O)Cc2c(Cl)cncc2Cl)c(OCC(N)=O)c1OC,1,pool
7.7599134,-0.4469117,COc1ccc(C(=O)Cc2c(Cl)cncc2Cl)c(OCC(=O)NCCO)c1OC,1,pool
7.421255,-0.39079952,COc1ccc(C(=O)Cc2c(Cl)cncc2Cl)c(OC)c1OC,1,pool
7.463383,-0.43295947,CCOc1c(OC)ccc(C(=O)Cc2c(Cl)cncc2Cl)c1OC,1,pool
7.9815454,-0.41041934,COCCNC(=O)COc1c(C(=O)Cc2c(Cl)cncc2Cl)ccc(OC)c1OC,1,pool
7.815321,-0.39939722,CCCNC(=O)COc1c(C(=O)Cc2c(Cl)cncc2Cl)ccc(OC)c1OC,1,pool
9.569277,-7.0120635,C/C=C/C[C@@H](C)[C@@H](O)[C@H]1C(=O)N[C@@H](CC)C(=O)N(C)[C@H](C)C(=O)N(CC)[C@@H](C(C)C)C(=O)N[C@@H](C(C)C)C(=O)N(C)[C@@H](CC(C)C)C(=O)N[C@@H](C)C(=O)N[C@H](C)C(=O)N(C)[C@@H](CC(C)C)C(=O)N(C)[C@@H](CC(C)C)C(=O)N(C)[C@@H](C(C)C)C(=O)N1C,1,pool
9.544049,-6.986757,C/C=C/C[C@@H](C)[C@@H](O)[C@H]1C(=O)N[C@@H](CC)C(=O)N(C)CC(=O)N(C)[C@@H](CC(C)C)C(=O)N[C@@H](C(C)C)C(=O)N(C)[C@@H](CC(C)C)C(=O)N[C@@H](C)C(=O)N[C@H](C)C(=O)N(C)[C@@H](CC(C)C)C(=O)N(C)[C@@H](CC(C)C)C(=O)N(C)[C@@H](C(C)C)C(=O)N1C,1,pool
11.74526,2.0542893,O=C1NC2(CC2)Cc2[nH]c3c(c21)CCc1cnc(-c2ccc(F)nc2)nc1-3,1,pool
9.821522,4.6485357,CCN(CC)C(=O)c1ccc(Oc2ccc3c(c2)COB3O)cc1,1,pool
10.578056,9.139144,COc1cc(/C=C/C(=O)/C=C(O)/C=C/c2ccc(O)c(OC)c2)ccc1O,0,pool
6.6893344,0.15177467,Cc1cn(Cc2ccc3ccccc3c2)c2cc(C(=O)Nc3c(Cl)cncc3Cl)ccc12,1,pool
9.861417,9.253419,c1ccc(-c2ccc3c(-c4ccncc4)c[nH]c3c2)cc1,0,pool
17.09121,-3.0763376,CCC[C@@H]([C@@H](Cc1ccc(C)s1)C(=O)N[C@@H](CCC/N=C(/N)NS(=O)(=O)c1ccccn1)C(=O)Nc1nccs1)N(O)C=O,1,labeled
7.5436826,-0.058793407,O=C1NCc2cc(Sc3ccc(F)cc3F)ccc2N1c1c(Cl)cccc1Cl,1,pool
3.6929889,14.14515,CCNC(=O)c1cn2ncnc(Nc3cc(C(=O)Nc4ncco4)ccc3C)c2c1C,1,pool
5.8612876,-3.6532028,C=C1C(=O)[C@]23[C@H](OC(=O)CCC(=O)Oc4ccc(-c5cc(=S)ss5)cc4)[C@H]1CC[C@H]2[C@@]12CO[C@]3(O)[C@@H](O)[C@@H]1C(C)(C)CCC2=O,0,pool
10.264131,5.965372,CNc1nc2cc(-c3ccccc3)nn2c2c1ncn2C,1,pool
10.18952,7.081868,Cc1cc(NC(=O)c2c(O)nn3ccccc23)ccc1Oc1ccccc1,0,pool
10.1006,7.334853,O=C(Nc1ccc(Oc2ccccc2)cc1)c1c(O)nn2ccccc12,0,pool
11.874285,2.9964004,Cn1c(=O)c2c(c3ccccc31)OC(N)=C(C#N)C2c1cccc([N+](=O)[O-])c1,1,pool
-21.575895,0.14016004,Cn1c(=O)c2c(c3ccccc31)OC(N)=C(C#N)C2c1cccc(Br)c1,1,pool
10.105874,1.7419158,CC(C)(O)[C@H](F)CNC(=O)c1cnc(Nc2ccc3cnccc3n2)cc1NC1CC1,1,pool
10.806684,5.2777233,COc1ccc(-c2cc3c(ccc4c5c([nH]c43)CCCNC5=O)cn2)cc1,1,pool
10.378306,2.1164966,CN1CCN(Cc2ccc(NC(=O)c3n[nH]cc3Nc3ncnc4[nH]ccc34)cc2)CC1,1,pool
10.408395,0.9531787,CCN(CC)CCNC(=O)c1c(C)[nH]c(/C=C2\C(=O)Nc3ccc(F)cc32)c1C,0,pool
5.9213753,-3.3200715,C[C@@H]1C[C@H]2[C@@H]3C[C@H](F)C4=CC(=O)C=C[C@]4(C)[C@@]3(F)[C@@H](O)C[C@]2(C)[C@@]1(OC(=O)c1ccco1)C(=O)SCF,1,pool
11.20505,1.5496455,CN1CCC2(CC1)CNC(=O)c1c2[nH]c2c1CCc1cnc(-c3ccccc3F)cc1-2,1,pool
10.19229,4.7486367,N#Cc1c(C2CCCNC2)cc(-c2ccccc2O)nc1N,1,pool
13.062104,3.4642723,COc1ccc(-c2cnc3nc(N)nc(N4CCSCC4)c3n2)cc1OC,1,pool
10.110438,5.44494,CCN(CC)Cc1ccc(/C=C/c2cc(-c3cc4c(=O)[nH]cnc4[nH]3)ccn2)cc1,1,pool
9.939707,7.0976915,O=c1[nH]cnc2[nH]c(-c3ccnc(/C=C/c4ccc(F)cc4)c3)cc12,1,pool
10.228441,5.332026,CN(C)CCOc1ccc(/C=C/c2cc(-c3cc4c(=O)[nH]cnc4[nH]3)ccn2)cc1,1,pool
-21.379953,-0.89329624,C[C@@]1(F)[C@H](O)[C@@H](CO)O[C@H]1n1cc(Br)c2c(N)ncnc21,0,pool
7.751284,-2.079815,C[C@@]1(F)[C@H](O)[C@@H](CO)O[C@H]1n1cc(Cl)c2c(N)ncnc21,0,labeled
-21.369856,-0.9354907,C[C@@]1(F)[C@H](O)[C@@H](CO)O[C@H]1n1cc(I)c2c(N)ncnc21,0,pool
7.867758,-2.0107663,C=Cc1cn([C@H]2O[C@H](CO)[C@@H](O)[C@@]2(C)F)c2ncnc(N)c12,0,pool
-21.369268,-0.89502794,C[C@@]1(F)[C@H](O)[C@@H](CO)O[C@@H]1n1cc(Br)c2c(N)ncnc21,0,pool
7.741703,-2.0749826,C#Cc1cn([C@@H]2O[C@H](CO)[C@@H](O)[C@@]2(C)F)c2ncnc(N)c12,0,pool
7.918281,-2.0211272,C#Cc1cn([C@H]2O[C@H](CO)[C@@H](O)[C@@]2(C)F)c2nc(N)nc(N)c12,0,pool
-21.392984,-0.9285229,C[C@@]1(F)[C@H](O)[C@@H](CO)O[C@H]1n1cc(I)c2c(N)nc(N)nc21,0,pool
7.8741674,-2.0563433,CCc1cn([C@@H]2O[C@H](CO)[C@@H](O)[C@@]2(C)F)c2ncnc(N)c12,0,pool
3.3220809,14.05904,CCOC(=O)Nc1ccc(C)c(Nc2ncnn3cc(C(=O)c4ccccc4)c(C)c23)c1,1,pool
2.8946884,13.77795,CNC(=O)c1ccc(C)c(Nc2ncnn3cc(C(=O)c4ccccc4C)c(C)c23)c1,1,pool
3.1944897,13.94916,CCNC(=O)c1ccc(C)c(Nc2ncnn3cc(C(=O)c4ccccc4)c(C)c23)c1,1,pool
3.258415,13.917273,Cc1ccc(C(=O)NC(C)C)cc1Nc1ncnn2cc(C(=O)c3ccccc3)c(C)c12,1,pool
2.818267,13.660491,CNC(=O)c1ccc(C)c(Nc2ncnn3cc(C(=O)c4ccccc4)c(C)c23)c1,1,pool
2.7570055,13.578618,Cc1ccc(C(N)=O)cc1Nc1ncnn2cc(C(=O)c3ccccc3)c(C)c12,1,pool
9.020606,0.085234545,COc1ccc(-c2cnc3nc(N)nc(N4CCN(Cc5c(Cl)cccc5Cl)CC4)c3n2)cc1OC,1,pool
13.223318,3.750847,COc1ccc(-c2cnc3nc(N)nc(N4CCN(Cc5ccccc5)CC4)c3n2)cc1OC,1,labeled
13.347125,3.4596403,COc1ccc(-c2cnc3nc(N)nc(N4CCN(Cc5ccc(C(C)(C)C)cc5)CC4)c3n2)cc1OC,1,pool
13.281049,3.7173371,COc1ccc(-c2cnc3nc(N)nc(N4CCN(Cc5ccccc5F)CC4)c3n2)cc1OC,1,pool
5.8498597,-3.5706358,C=C1C(=O)[C@]23[C@H](OC(=O)c4ccccc4C(=O)Oc4ccc(-c5cc(=S)ss5)cc4)[C@H]1CC[C@H]2[C@@]12CO[C@]3(O)[C@@H](O)[C@@H]1C(C)(C)CC[C@@H]2OC(C)=O,0,pool
4.1756606,14.869182,CCNC(=O)c1cn2ncnc(Nc3cc(NC(=O)c4ccnc(N5CCOCC5)c4)ccc3C)c2c1C,1,pool
11.938684,3.1051626,COc1cc(C)cc2c1C(=O)C1OC1(c1c(C)cc3c(c1OC)C(=O)C1OC1C3=O)C2=O,0,pool
13.169114,2.261453,COC(=O)c1c(-c2ccc(F)cc2)c(-c2ccncc2)c(C2=CCNCC2)n1C,1,pool
5.566718,-2.289213,CCCC(=O)OC[C@H]1CCC([C@@]2(C)CCCC(C)(C)C2)=C2C[C@H]3C(=O)O[C@H]3[C@@H]21,0,pool
9.938581,-2.9060233,COc1c(C)c2c(c(O)c1C/C=C(\C)CCC(=O)NCCCCCNc1ccc([N+](=O)[O-])c3[nH]c4ccccc4c(=O)c13)C(=O)OC2,1,pool
8.886975,1.8042527,CNc1nc2[nH]c(-c3cccc(CNC(=O)c4csnn4)n3)cc2c2c1ncn2C,1,pool
9.620183,-0.18424894,Cc1c2c(nn1CC(=O)Nc1ccccc1F)-c1ccccc1S(=O)(=O)N2C,0,pool
9.66658,-0.09143587,COc1cccc(NC(=O)Cn2nc3c(c2C)N(C)S(=O)(=O)c2ccccc2-3)c1,0,pool
8.282879,-1.3727198,CC(C)(C)OC(=O)N1[C@H](CO)CC(F)(F)[C@H]1n1cnc2ncnc(Cl)c21,0,pool
8.998524,1.9089929,COc1cc2nc(Cl)nc(Nc3ccc(Cn4cc(-c5ccccc5)nn4)cc3)c2cc1OC,0,pool
6.433929,-2.6921163,CC(=O)O[C@H]1O[C@H]2O[C@H]3OC(=O)/C(=C\CC4(OC(C)=O)CCCC(C)(C)C4)[C@H]3[C@H]2[C@@H]1OC(C)=O,0,pool
8.087494,-1.7666688,CC(C)(C)OC(=O)N1[C@H](CO)CC(F)(F)[C@H]1n1cc(F)c(=O)[nH]c1=O,0,pool
8.04705,-1.8342726,CC(C)(C)OC(=O)N1[C@H](CO)CC(F)(F)[C@@H]1n1ccc(=O)[nH]c1=O,0,pool
8.079553,-1.7979404,CC(C)(C)OC(=O)N1[C@H](CO)CC(F)(F)[C@@H]1n1cc(F)c(=O)[nH]c1=O,0,pool
11.182178,7.273985,COc1cc(-c2nc(Nc3ccc(C)cc3)c3ccccc3n2)cc(OC)c1OC,1,pool
11.239714,7.232708,COc1cc(-c2nc(Nc3ccc(C)cc3C)c3ccccc3n2)cc(OC)c1OC,1,queried
10.961087,7.7450423,Cc1ccc(Nc2nc(-c3cc(O)c(O)c(O)c3)nc3ccccc23)c(C)c1,1,pool
10.977807,7.8496675,Cc1ccc(Nc2nc(-c3cc(O)c(O)c(O)c3)nc3ccccc23)cc1,1,pool
11.242565,7.301564,COc1cc(-c2nc(Nc3ccccc3)c3ccccc3n2)cc(OC)c1OC,1,labeled
9.668327,5.4325705,Oc1cc(-c2nc(Nc3ccc(Cl)cc3)c3ccccc3n2)cc(O)c1O,1,labeled
11.152068,7.310052,COc1cc(-c2nc(Nc3ccc(O)cc3)c3ccccc3n2)cc(OC)c1OC,1,pool
9.711619,5.29182,COc1cc(-c2nc(Nc3ccc(OC(F)(F)F)cc3)c3ccccc3n2)cc(OC)c1OC,1,labeled
10.949767,7.8768315,COc1ccc(Nc2nc(-c3cc(O)c(O)c(O)c3)nc3ccccc23)cc1,1,pool
9.700079,5.349496,COc1cc(-c2nc(Nc3ccc(Cl)cc3)c3ccccc3n2)cc(OC)c1OC,1,pool
11.188365,7.2339783,COc1ccc(Nc2nc(-c3cc(OC)c(OC)c(OC)c3)nc3ccccc23)cc1,1,pool
10.937457,7.8945,Oc1cc(-c2nc(Nc3ccccc3)c3ccccc3n2)cc(O)c1O,1,pool
10.958704,7.919854,Oc1ccc(Nc2nc(-c3cc(O)c(O)c(O)c3)nc3ccccc23)cc1,1,labeled
7.1691666,-0.83219045,CC(C)CC(=O)c1ccc(OC(F)F)c(OC2CCOC2)c1,1,pool
9.047075,8.655848,O=C(c1ccc(-c2ccc(Cl)cc2)o1)n1cccn1,0,pool
9.193221,9.104414,O=C(c1ccc(-c2cccc(F)c2)o1)n1cccn1,0,pool
9.154153,8.4212675,O=C(c1ccc(-c2ccccc2[N+](=O)[O-])o1)n1cccn1,0,pool
9.208146,9.087823,O=C(c1ccc(-c2ccc(F)cc2)o1)n1cccn1,0,pool
9.2563715,9.153006,Cc1ccc(-c2ccc(C(=O)n3cccn3)o2)cc1,0,pool
9.364348,9.211275,O=C(c1ccc(-c2ccccc2)o1)n1cccn1,0,labeled
9.057541,8.545849,O=C(c1ccc(-c2cccc(Cl)c2)o1)n1cccn1,0,pool
9.138114,8.957236,O=C(c1ccc(-c2c(F)cccc2F)o1)n1cccn1,0,pool
9.131951,8.639338,O=C(c1ccc(-c2ccc(F)cc2F)o1)n1cccn1,0,pool
9.094364,8.980279,O=C(c1ccc(-c2cccc([N+](=O)[O-])c2)o1)n1cccn1,0,pool
9.114037,8.975288,O=C(c1ccc(-c2ccccc2F)o1)n1cccn1,0,pool
9.258275,9.170027,COc1ccc(-c2ccc(C(=O)n3cccn3)o2)cc1,0,labeled
8.919625,8.408035,O=C(c1ccc(-c2ccccc2Cl)o1)n1cccn1,0,pool
6.2178454,-3.0465233,C[C@]12C=CC(=O)C=C1[C@@H](F)C[C@H]1[C@@H]3C[C@H]4O[C@@H](c5ccc(CN6CCOCC6)cc5)O[C@@]4(C(=O)CO)[C@@]3(C)C[C@H](O)[C@@]12F,1,pool
5.769264,-3.4781978,C=C1C(=O)[C@]23[C@H](OC(=O)CCC(=O)Oc4ccc(-c5cc(=S)ss5)cc4)[C@H]1CC[C@H]2[C@@]12CO[C@]3(O)[C@@H](O)[C@@H]1C(C)(C)CC[C@@H]2OC(C)=O,0,pool
8.172073,-0.37972775,COc1ccc(-c2c(C)noc2C)cc1S(=O)(=O)NC1CCNCC1,0,pool
8.182793,-0.38153458,Cc1ccc(-c2c(C)noc2C)cc1S(=O)(=O)NC1CCNCC1,0,pool
9.959525,5.0451827,CCOc1cccc(-c2cc(F)c(NC(=O)c3cocc3C(=O)O)c(F)c2)c1,0,pool
9.969561,6.749757,COc1ccc(/C=C/C(=O)c2ccc3c(c2)OCO3)c(OC)c1OC,0,pool
4.0938582,13.296269,Cc1ccc(NC(=O)c2ccnc(N3CCCCC3)c2)cc1-c1ccc(C(=O)NCC2CC2)cc1,1,labeled
9.267652,1.2988596,CC(=O)N1c2ccc(-c3ccc(CN4CCCCC4)cc3)cc2[C@H](Nc2ccccc2)C[C@@H]1C,1,pool
-7.624746,10.9553175,Cn1cc(CN2CCN(c3cc(C(=O)Nc4ccc5c(c4)-c4c(c(C(N)=O)nn4-c4ccc(F)cc4)CC5)c(Cl)cn3)C(C(=O)O)C2)cn1,1,pool
-7.554217,10.86455,Cn1cc(CN2CCN(c3cc(C(=O)Nc4ccc5c(c4)-c4c(c(C(N)=O)nn4-c4ccc(F)cc4)CC5)c(Cl)cn3)CC2C(=O)O)cn1,1,labeled
-7.6865697,10.989938,NC(=O)c1nn(-c2ccc(F)cc2)c2c1CCc1ccc(NC(=O)c3cc(N4CCN(Cc5cnn(CCCO)c5)CC4)ncc3Cl)cc1-2,1,pool
-7.928273,11.073376,COCCNC(=O)Cn1cc(CN2CCN(c3cc(C(=O)Nc4ccc5c(c4)-c4c(c(C(N)=O)nn4-c4ccc(F)cc4)CC5)c(Cl)cn3)CC2)cn1,1,pool
-7.4553723,10.862925,CC1CN(c2cc(C(=O)Nc3ccc4c(c3)-c3c(c(C(N)=O)nn3-c3ccc(F)cc3)CC4)c(Cl)cn2)CCN1Cc1cnn(C)c1,1,pool
-7.777903,11.026071,CN(C)CCCn1cc(CN2CCN(c3cc(C(=O)Nc4ccc5c(c4)-c4c(c(C(N)=O)nn4-c4ccc(F)cc4)CC5)c(Cl)cn3)CC2)cn1,1,pool
-7.845043,11.067067,CC(C)NC(=O)Cn1cc(CN2CCN(c3cc(C(=O)Nc4ccc5c(c4)-c4c(c(C(N)=O)nn4-c4ccc(F)cc4)CC5)c(Cl)cn3)CC2)cn1,1,pool
-7.957698,11.071402,CSCCNC(=O)Cn1cc(CN2CCN(c3cc(C(=O)Nc4ccc5c(c4)-c4c(c(C(N)=O)nn4-c4ccc(F)cc4)CC5)c(Cl)cn3)CC2)cn1,1,pool
-7.656322,10.956176,NC(=O)c1nn(-c2ccc(F)cc2)c2c1CCc1ccc(NC(=O)c3cc(N4CCN(Cc5cnn(CC(=O)O)c5)CC4)ncc3Cl)cc1-2,1,pool
-7.396935,10.891434,Cn1cc(CN2CCN(c3cc(C(=O)Nc4ccc5c(c4)-c4c(c(C(N)=O)nn4-c4ccc(F)cc4)CC5)c(Cl)cn3)CC2)cn1,1,pool
-7.951945,11.0688,COCCOC(=O)Cn1cc(CN2CCN(c3cc(C(=O)Nc4ccc5c(c4)-c4c(c(C(N)=O)nn4-c4ccc(F)cc4)CC5)c(Cl)cn3)CC2)cn1,1,pool
-7.7556987,11.028629,CCOC(=O)Cn1cc(CN2CCN(c3cc(C(=O)Nc4ccc5c(c4)-c4c(c(C(N)=O)nn4-c4cccc(F)c4)CC5)c(Cl)cn3)CC2)cn1,1,pool
-7.3614836,10.864497,NC(=O)c1nn(-c2ccc(F)cc2)c2c1CCc1ccc(NC(=O)c3cc(N4CCN(Cc5cn[nH]c5)CC4)ncc3Cl)cc1-2,1,pool
-7.770627,11.010138,CCOC(=O)Cn1cc(CN2CCN(c3cc(C(=O)Nc4ccc5c(c4)-c4c(c(C(N)=O)nn4-c4ccc(F)cc4)CC5)c(Cl)cn3)CC2)cn1,1,pool
-7.51793,10.9178295,N#CCCn1cc(CN2CCN(c3cc(C(=O)Nc4ccc5c(c4)-c4c(c(C(N)=O)nn4-c4ccc(F)cc4)CC5)c(Cl)cn3)CC2)cn1,1,pool
-7.7906985,11.025416,CCOC(=O)CCn1cc(CN2CCN(c3cc(C(=O)Nc4ccc5c(c4)-c4c(c(C(N)=O)nn4-c4ccc(F)cc4)CC5)c(Cl)cn3)CC2)cn1,1,pool
-7.870748,11.052977,NC(=O)c1nn(-c2ccc(F)cc2)c2c1CCc1ccc(NC(=O)c3cc(N4CCN(Cc5cnn(CC(=O)NCCO)c5)CC4)ncc3Cl)cc1-2,1,pool
-7.954897,11.069489,NC(=O)c1nn(-c2ccc(F)cc2)c2c1CCc1ccc(NC(=O)c3cc(N4CCN(Cc5cnn(CC(=O)N(CCO)CCO)c5)CC4)ncc3Cl)cc1-2,1,pool
-7.393597,10.86876,Cc1c(CN2CCN(c3cc(C(=O)Nc4ccc5c(c4)-c4c(c(C(N)=O)nn4-c4ccc(F)cc4)CC5)c(Cl)cn3)CC2)cnn1C,1,pool
-7.3747807,10.914038,CCn1cc(CN2CCN(c3cc(C(=O)Nc4ccc5c(c4)-c4c(c(C(N)=O)nn4-c4ccc(F)cc4)CC5)c(Cl)cn3)CC2)cn1,1,labeled
-7.688014,10.98464,CN(C)C(=O)Cn1cc(CN2CCN(c3cc(C(=O)Nc4ccc5c(c4)-c4c(c(C(N)=O)nn4-c4ccc(F)cc4)CC5)c(Cl)cn3)CC2)cn1,1,pool
-7.98445,11.032153,COCCOCCCn1cc(CN2CCN(c3cc(C(=O)Nc4ccc5c(c4)-c4c(c(C(N)=O)nn4-c4ccc(F)cc4)CC5)c(Cl)cn3)CC2)cn1,1,pool
-8.07381,11.141945,CN(C)CCCNC(=O)Cn1cc(CN2CCN(c3cc(C(=O)Nc4ccc5c(c4)-c4c(c(C(N)=O)nn4-c4ccc(F)cc4)CC5)c(Cl)cn3)CC2)cn1,1,pool
-7.7071643,10.992672,COC(=O)Cn1cc(CN2CCN(c3cc(C(=O)Nc4ccc5c(c4)-c4c(c(C(N)=O)nn4-c4ccc(F)cc4)CC5)c(Cl)cn3)CC2)cn1,1,pool
-7.588682,10.94172,NC(=O)Cn1cc(CN2CCN(c3cc(C(=O)Nc4ccc5c(c4)-c4c(c(C(N)=O)nn4-c4ccc(F)cc4)CC5)c(Cl)cn3)CC2)cn1,1,pool
-7.6457906,10.984364,CNC(=O)Cn1cc(CN2CCN(c3cc(C(=O)Nc4ccc5c(c4)-c4c(c(C(N)=O)nn4-c4ccc(F)cc4)CC5)c(Cl)cn3)CC2)cn1,1,pool
-7.40999,10.883203,Cn1cc(CN2CCN(c3cc(C(=O)Nc4ccc5c(c4)-c4c(c(C(N)=O)nn4-c4cccc(F)c4)CC5)c(Cl)cn3)CC2)cn1,1,pool
-7.3364472,10.846124,Cc1nn(C)cc1CN1CCN(c2cc(C(=O)Nc3ccc4c(c3)-c3c(c(C(N)=O)nn3-c3ccc(F)cc3)CC4)c(Cl)cn2)CC1,1,pool
-7.6908875,10.9503,COCCCn1cc(CN2CCN(c3cc(C(=O)Nc4ccc5c(c4)-c4c(c(C(N)=O)nn4-c4ccc(F)cc4)CC5)c(Cl)cn3)CC2)cn1,1,pool
10.75078,5.4372034,O=C1NCc2[nH]c3c(ccc4cnc(Nc5cccc(F)c5)cc43)c21,1,pool
6.3537107,-2.892535,C[C@]12C=CC(=O)C=C1[C@@H](F)C[C@H]1[C@@H]3C[C@H]4O[C@@H](c5ccc(-c6ccccc6)cc5)O[C@@]4(C(=O)CO)[C@@]3(C)C[C@H](O)[C@@]12F,1,pool
7.703822,1.2549717,O=C(O)c1cccc(NC2=C(Cl)C(=O)c3ccccc3C2=O)c1,0,pool
7.654652,1.296352,O=C(O)c1ccc(NC2=C(Cl)C(=O)c3ccccc3C2=O)cc1,0,pool
6.7576942,-0.09247319,Cc1cn(CC2CCCCC2)c2cc(C(=O)Nc3c(Cl)cncc3Cl)ccc12,1,pool
5.3034782,-2.5909753,C[C@H]1C[C@H]2[C@@H]3CCC4=CC(=O)C=C[C@]4(C)[C@@]3(F)[C@@H](O)C[C@]2(C)[C@@]1(O)C(=O)CCl,1,pool
5.003588,-2.4506862,C[C@@H]1C[C@H]2[C@@H]3CCC4=CC(=O)C=C[C@]4(C)[C@@]3(F)[C@@H](O)C[C@]2(C)[C@@]1(O)C(=O)CO,1,pool
5.666505,-3.1651962,CCC(=O)O[C@]1(C(=O)SCF)[C@H](C)C[C@H]2[C@@H]3C[C@H](F)C4=CC(=O)C=C[C@]4(C)[C@@]3(F)[C@@H](O)C[C@@]21C,1,pool
13.162254,3.7619448,COc1ccc(-c2cnc3nc(N)nc(N4CCN(C(=O)c5ccccc5)CC4)c3n2)cc1OC,1,pool
6.941395,-0.21115758,Cc1ccc(S(=O)(=O)n2cc(C)c3ccc(C(=O)Nc4c(Cl)cncc4Cl)cc32)cc1,1,pool
8.193875,-1.9113711,C[C@@]1(F)[C@H](O)[C@@H](CO)O[C@@H]1n1cc(C#Cc2ccccc2)c2c(N)ncnc21,0,pool
8.368138,-1.8968974,C[C@@]1(F)[C@H](O)[C@@H](CO)O[C@H]1n1cc(C#Cc2ccccc2)c2c(N)ncnc21,0,pool
5.003854,-2.4201794,C=C1/C(=C\C=C2/CCC[C@]3(C)C(C4(CC#CC(C)(C)O)CC4)=CC[C@@H]23)C[C@@H](O)C[C@@H]1O,1,pool
5.475615,-2.3902984,C=C1/C(=C\C=C2/CCC[C@]3(C)C(C4(CC#CC(O)(C(F)(F)F)C(F)(F)F)CC4)=CC[C@@H]23)C[C@@H](O)C[C@@H]1F,1,pool
4.943247,-2.4244394,C=C1/C(=C\C=C2/CCC[C@]3(C)C(C4(CCCC(C)(C)O)CC4)=CC[C@@H]23)C[C@@H](O)C[C@@H]1O,1,pool
5.088782,-2.3956916,C=C1/C(=C\C=C2/CCC[C@]3(C)C(C4(CC#CC(C)(C)O)CC4)=CC[C@@H]23)CCC[C@@H]1O,1,pool
5.6001215,-2.4271564,C=C1/C(=C\C=C2/CCC[C@]3(C)C(C4(C/C=C/C(O)(C(F)(F)F)C(F)(F)F)CC4)=CC[C@@H]23)C[C@@H](O)C[C@@H]1F,1,pool
5.234166,-2.448696,C=C1/C(=C\C=C2/CCC[C@]3(C)C(C4(C/C=C/C(O)(C(F)(F)F)C(F)(F)F)CC4)=CC[C@@H]23)C[C@@H](O)C[C@@H]1O,1,pool
5.2653666,-2.4882667,C=C1/C(=C\C=C2/CCC[C@]3(C)C(C4(CC#CC(O)(C(F)(F)F)C(F)(F)F)CC4)=CC[C@@H]23)C[C@@H](O)C[C@@H]1O,1,pool
5.280586,-2.3892286,C=C1/C(=C\C=C2/CCC[C@]3(C)C(C4(CC#CC(C)(C)O)CC4)=CC[C@@H]23)C[C@@H](O)C[C@@H]1F,1,pool
4.9848223,-2.450902,C=C1/C(=C\C=C2/CCC[C@]3(C)C(C4(CCC(=O)C(C)(C)O)CC4)=CC[C@@H]23)C[C@@H](O)C[C@@H]1O,1,pool
10.700434,8.738423,O=c1cc(-c2ccc(O)c(-c3c(O)cc4oc(-c5ccc(O)cc5)cc(=O)c4c3O)c2)oc2cc(O)cc(O)c12,0,labeled
9.669198,6.53864,CC(C)CC1=C(O)C(=O)c2ccccc2C1=O,0,pool
7.13169,1.1156884,CC(SC1=CC(=O)c2ccccc2C1=O)C(=O)O,0,pool
7.04953,1.1138283,O=C(O)CCSC1=CC(=O)c2ccccc2C1=O,0,pool
10.578152,9.139926,COC1=C(OC)C(=O)c2ccccc2C1=O,0,pool
10.458893,9.231482,Cc1cc(O)c2c(c1)C(=O)C=CC2=O,0,pool
10.538567,9.179483,Cc1cc(O)c2c(c1)C(=O)C(O)=CC2=O,0,pool
7.1922812,0.6869433,CC1=C(SCCO)C(=O)c2ccccc2C1=O,0,pool
10.432999,9.254768,CC1=CC(=O)c2ccccc2C1=O,0,pool
9.905579,6.708486,O=C(O)CNC1=CC(=O)c2ccccc2C1=O,0,pool
9.838302,6.6458645,CCCC1=C(O)C(=O)c2ccccc2C1=O,0,pool
7.2033772,0.916223,CC1=C(SCCC(=O)O)C(=O)c2ccccc2C1=O,0,pool
9.645295,6.223026,CN(C)C(=O)Oc1ccc2c(CC(O)c3nccs3)c(Cc3ccccc3)c(=O)oc2c1,0,labeled
11.093147,3.4757388,COc1cc2c(cc1-c1cnco1)C(=O)N(CCc1ccncc1)C(C)(C)N2,0,pool
9.013449,-2.1492355,Cc1cc2nnc(C(=O)N3CCC(c4nc(C(=O)NC5CCN(Cc6ccccc6)C5)cs4)CC3)c(C)n2n1,0,pool
11.27375,2.5978127,COc1cc(Nc2nc(N[C@H]3CCCC[C@H]3N)n3cc(-c4ccccc4)nc3c2C(N)=O)cc(OC)c1,1,pool
10.356152,2.0057833,CCn1ncc2c(NC3CCOCC3)c(C(N)=O)cnc21,1,pool
10.199898,1.2463415,CCC(CC)CNC(=O)c1cnc2c(cnn2CC)c1NC1CCOCC1,1,pool
11.34547,2.4717994,CCOC(=O)c1cc2c(-c3ccc(CN4CCC(c5nc6ccc(F)cc6[nH]5)CC4)cc3)nc3ccccc3n2c1-c1ccccc1,0,pool
11.3649235,2.508491,CCOC(=O)c1cc(-c2ccccc2)n2c1c(-c1ccc(CN3CCC(c4nc5ccc(F)cc5[nH]4)CC3)cc1)nc1ccccc12,0,pool
11.059974,5.018015,O=C1NCCc2[nH]c3c(ccc4cnc(/C=C/c5cccc(CCN6CCOCC6)c5)cc43)c21,1,pool
8.87464,1.9132935,COc1cccc(Nc2c(C(N)=O)cnc3ccc(S(=O)(=O)c4ccc(-c5ccoc5)cc4)cc23)c1,1,pool
9.737209,4.7811213,Cc1nnc(-c2ccc(-c3cc(C(=O)NC4CC4)ccc3C)c(C)c2)o1,1,pool
7.049158,1.2287742,Sc1ncnc2nc[nH]c12,1,pool
8.275968,-2.0663085,CCCC#Cc1cc([C@@H]2O[C@H](CO)[C@@H](O)[C@H]2O)n2ncnc(N)c12,1,pool
4.163762,13.38231,CCNC(=O)Nc1ccc(-c2cc3ccc(OC(=O)N(CC)CC)cc3oc2=O)cc1,1,labeled
12.029247,3.8263986,Cn1c(=O)c2c(c3ccccc31)OC(N)=C(C#N)C2c1cccc(Oc2ccccc2)c1,1,pool
9.627633,-0.060079467,COc1ccc2c(c1)C(c1ccc(Cl)cc1)=N[C@@H](CC(=O)Nc1cccs1)c1nnc(C)n1-2,1,pool
6.8981175,1.2783878,Clc1ccc2c(NCCCNCc3ccc(-c4cccnc4)s3)ccnc2c1,0,pool
9.472897,4.416338,CCc1cc(-c2ccnc3[nH]ncc23)cc(C(C)(CC)CN)c1,1,pool
8.319568,0.86063063,CCC(C)(CN)c1cccc(-c2ccnc3[nH]nc(Cl)c23)c1,1,pool
9.515128,4.526089,CCC(C)(CN)c1cc(C)cc(-c2ccnc3[nH]ncc23)c1,1,pool
9.516465,4.613426,CC(C)(CN)c1cccc(-c2ccnc3[nH]ncc23)c1,1,pool
9.542492,4.730901,CCC(C)(CN)c1cccc(-c2ccnc3[nH]ncc23)c1,1,pool
9.420538,4.339867,CCC(C)(CN)c1cccc(-c2ccnc3[nH]nc(C)c23)c1,1,pool
8.346968,0.9005821,CCC(C)(CN)c1cccc(-c2ccnc3[nH]nc(C(F)(F)F)c23)c1,1,pool
9.444396,4.3668017,CCCc1cc(-c2ccnc3[nH]ncc23)cc(C(C)(CC)CN)c1,1,pool
9.688559,5.0027184,C#CCC(C)(CN)c1cccc(-c2ccnc3[nH]ncc23)c1,1,pool
8.382652,-0.22348276,COC[C@@](O)([C@@H](Nc1cc(F)cc2[nH]c(=O)ccc12)c1ccc(OC)c(F)c1Cl)C(F)(F)F,1,pool
10.244584,1.3051648,CCn1ncc2c(NC3CCOCC3)c(C(=O)NCC3CCCCC3)cnc21,1,pool
11.33119,7.1226125,COc1cc(-c2nc(Nc3ccc4c(c3)OCO4)c3ccccc3n2)cc(OC)c1OC,1,queried
3.6934047,14.19148,CONC(=O)c1ccc(C)c(Nc2ncnn3cc(C(=O)NCc4ccccn4)c(C)c23)c1,1,pool
12.9863205,2.4431906,COc1nccc(-c2c(-c3ccc(F)cc3)ncn2C2CCNCC2)n1,1,pool
6.231377,-3.0433087,C[C@]12C=CC(=O)C=C1[C@@H](F)C[C@H]1[C@@H]3C[C@H]4O[C@@H](c5ccc(CSc6cccc(O)c6)cc5)O[C@@]4(C(=O)CO)[C@@]3(C)C[C@H](O)[C@@]12F,1,pool
5.968319,-3.4737604,C[C@]12C=CC(=O)C=C1[C@@H](F)C[C@H]1[C@@H]3C[C@H]4O[C@@H](c5ccc(CSc6ccc(O)c(Cl)c6)cc5)O[C@@]4(C(=O)CO)[C@@]3(C)C[C@H](O)[C@@]12F,1,pool
6.2183247,-3.0587053,C[C@]12C=CC(=O)C=C1[C@@H](F)C[C@H]1[C@@H]3C[C@H]4O[C@@H](c5ccc(CSc6ccc(O)cc6)cc5)O[C@@]4(C(=O)CO)[C@@]3(C)C[C@H](O)[C@@]12F,1,pool
6.174681,-3.0266922,C[C@]12C=CC(=O)C=C1[C@@H](F)C[C@H]1[C@@H]3C[C@H]4O[C@@H](c5ccc(CSc6ccccc6)cc5)O[C@@]4(C(=O)CO)[C@@]3(C)C[C@H](O)[C@@]12F,1,pool
11.070561,3.6453772,Cc1nnc2n1-c1ccccc1C(c1ccccc1)=NC2NC(=O)NCc1ccccc1,1,pool
11.269214,7.3308806,COc1cc(-c2nc(Cc3ccc4[nH]ncc4c3)c3ccccc3n2)cc(OC)c1OC,1,pool
11.048537,7.34956,Oc1cc(-c2nc(Cc3ccc4[nH]ncc4c3)c3ccccc3n2)cc(O)c1O,1,pool
3.9425552,13.181454,Cc1ccc(NC(=O)c2ccnc(N3CCCC3)c2)cc1-c1ccc2c(C3CCNCC3)noc2c1,1,labeled
9.591718,-0.38974527,Cc1oc2ncn(CCN3CCCC3)c(=O)c2c1C(=O)Nc1ccc(S(N)(=O)=O)nc1,0,pool
12.992446,2.1541731,COC(=O)c1c(-c2ccc(F)cc2)c(-c2ccncc2)c(NCCN(C)C)n1C,1,pool
13.062008,3.9023247,COc1ccc(-c2cnc3nc(N)nc(N4CCOCC4)c3n2)cc1OC,1,pool
6.8058777,-0.19550328,Cc1cn(CCCC2CCCCC2)c2cc(C(=O)Nc3c(Cl)cncc3Cl)ccc12,1,labeled
12.96826,2.236658,COC(=O)c1c(-c2ccc(F)cc2)c(-c2ccncc2)c(NC2CCNCC2)n1C,1,pool
8.067208,-1.6415634,C[C@H]1COC2=C1C(=O)C(=O)c1c2ccc2c1[C@H](O)CCC2(C)C,0,pool
9.415953,1.297661,C[C@H]1COC2=C1C(=O)C(=O)c1c2ccc2c1CCCC2(C)C,0,pool
4.228542,13.652743,CNC(=O)c1ccc(C)c(Nc2nc(N3CCCC3)nc3c2cnn3-c2ccccc2)c1,1,pool
3.3140268,12.869629,CCNc1c(C(=O)Nc2cc(C(=O)Nc3ccon3)ccc2C)cnn1-c1ccccc1C,1,pool
3.3022916,12.860281,Cc1ccc(C(=O)Nc2ccon2)cc1NC(=O)c1cnn(-c2ccccc2F)c1N,1,pool
3.4098768,12.885696,Cc1ccc(C(=O)Nc2ccon2)cc1NC(=O)c1cnn(-c2ccc(F)cc2)c1N,1,pool
3.2077956,12.945611,Cc1ccc(C(=O)Nc2ccon2)cc1NC(=O)c1cnn(-c2ccccc2)c1N,1,pool
3.2125196,12.958057,CNc1c(C(=O)Nc2cc(C(=O)Nc3ccon3)ccc2C)cnn1-c1ccccc1,1,labeled
8.764571,-2.414016,C[C@@H](CN[C@H](CN[C@H](CN[C@H](CNCCC(N)=O)Cc1ccc(O)cc1)Cc1ccc(O)cc1)Cc1ccc(O)cc1)NC[C@H](Cc1ccc(O)cc1)NC[C@H](Cc1ccc(O)cc1)NC[C@@H](N)Cc1ccc(O)cc1,0,pool
17.00563,-3.1158085,N/C(=N/CCC[C@H](NC(=O)[C@H](CC1CCCCC1)[C@H](C1CC1)N(O)C=O)C(=O)Nc1nccs1)N[N+](=O)[O-],1,pool
9.988059,-2.9659643,COc1c(C)c2c(c(O)c1C/C=C(\C)CCC(=O)NCCCCCCNc1ccc([N+](=O)[O-])c3[nH]c4ccccc4c(=O)c13)C(=O)OC2,1,queried
-21.835403,0.69503474,Cc1cc(OCc2ccc(F)cc2F)c(Br)c(=O)n1Cc1ccc(CNC(=O)CO)cc1,1,pool
-21.651827,0.270568,Cc1cc(OCc2ccc(F)cc2F)c(Br)c(=O)n1Cc1ccc(C#N)cc1,1,pool
-21.74497,0.60241157,Cc1cc(OCc2ccc(F)cc2F)c(Br)c(=O)n1Cc1ccc(C(N)=O)cc1,1,pool
-21.854652,0.7291127,Cc1cc(OCc2ccc(F)cc2F)c(Br)c(=O)n1Cc1ccc(C(=O)N(C)C)cc1,1,pool
-21.774836,0.41316745,Cc1cc(OCc2ccc(F)cc2F)c(Br)c(=O)n1Cc1cccc(CN(C)C)c1,1,pool
8.597738,1.4913142,Cc1cc(OCc2ccc(F)cc2F)c(Cl)c(=O)n1Cc1ccc(CNC(=O)CO)cc1,1,pool
-21.834566,0.70905024,C/N=C/C(=O)c1ccc(Cn2c(C)cc(OCc3ccc(F)cc3F)c(Br)c2=O)cc1,1,pool
-21.717379,0.36797348,Cc1cc(OCc2ccc(F)cc2F)c(Br)c(=O)n1Cc1ccc(CN)cc1,1,pool
-21.771538,0.3373475,Cc1cc(OCc2ccc(F)cc2F)c(Br)c(=O)n1Cc1ccc(CN(C)C)cc1,1,pool
-21.820774,0.64418554,Cc1cc(OCc2ccc(F)cc2F)c(Br)c(=O)n1Cc1cccc(CNC(=O)CO)c1,1,pool
-21.836681,0.6415234,C/N=C/C(=O)c1cccc(Cn2c(C)cc(OCc3ccc(F)cc3F)c(Br)c2=O)c1,1,pool
7.1009507,1.1758591,Cn1c(-c2ccc([N+](=O)[O-])cc2)cs/c1=N/N=C/c1ccc(C(F)(F)F)cc1,0,pool
-21.871004,0.7034389,FC(F)(F)c1ccc(/C=N/Nc2nc(-c3ccc(Cl)cc3Cl)cs2)cc1,0,pool
-21.909058,0.6928986,FC(F)(F)c1ccc(/C=N/Nc2nc(-c3ccc(Cl)c(Cl)c3)cs2)cc1,0,pool
7.2763615,0.7841174,COc1ccc(-c2csc(N/N=C/c3ccc(C(F)(F)F)cc3)n2)cc1,0,pool
7.2651305,0.8461551,O=[N+]([O-])c1ccc(-c2csc(N/N=C/c3ccc(C(F)(F)F)cc3)n2)cc1,0,pool
7.3188977,0.87690353,O=[N+]([O-])c1cccc(-c2csc(N/N=C/c3ccc(C(F)(F)F)cc3)n2)c1,0,pool
9.637358,1.6006291,Cc1cc(C)cc(Nc2nc(N[C@H]3CCCC[C@H]3N)n3ccnc3c2C(N)=O)c1,1,pool
9.575939,1.4941262,NC(=O)c1c(Nc2cc(F)cc(F)c2)nc(N[C@H]2CCCC[C@H]2N)n2ccnc12,1,pool
11.30395,2.7264466,COc1cc(Nc2nc(N[C@H]3CCCC[C@H]3N)n3ccnc3c2C(N)=O)cc(OC)c1,1,pool
9.351892,5.114619,CC(C)(N)CNc1nc(-c2ccncc2)nc2cnccc12,1,pool
10.193622,0.7744874,CCn1cc(C(=O)O)c(=O)c2cc(F)c(N3CCN(/C=N/NC(=O)c4ccc(C(F)(F)F)cc4)CC3)cc21,0,pool
4.24185,13.815391,Cc1ccc(C(=O)NC2CC2)cc1Nc1ncnn2cc(C(=O)N[C@@H](CO)c3ccccc3)c(C)c12,1,pool
3.9055684,13.887705,Cc1ccc(C(=O)NC2CC2)cc1Nc1ncnn2cc(C(=O)N[C@@H](C)c3ccccc3)c(C)c12,1,labeled
9.587538,-2.4919903,Cc1csc(C(=O)N[C@H]2CC[C@@H](NC(=O)c3cc(F)cnc3Oc3cccc(-c4ccc(CN5C[C@@H](C)N[C@@H](C)C5)cc4CN4CCOCC4)c3)CC2)n1,1,labeled
9.584154,-2.486064,Cc1cc(C(=O)N[C@H]2CC[C@@H](NC(=O)c3cc(F)cnc3Oc3cccc(-c4ccc(CN5C[C@@H](C)N[C@@H](C)C5)c(O)c4)c3)CC2)nn1C,1,pool
2.6644728,13.536435,CNC(=O)c1ccc(C)c(Nc2ncnc3c2cnn3Cc2ccccc2)c1,1,pool
12.275964,2.996442,CC/C(O)=C(\C#N)C(=O)Nc1ccc(-c2ccc3c(c2)OCO3)c(C(=O)OC)c1,0,pool
9.764402,7.4375496,Cc1cc(O)n(Cc2cc(C)nn2-c2ccccc2)n1,0,pool
11.929124,2.2090087,O=C1NC2(CC2)Cc2[nH]c3c(c21)CCc1cnc(-c2ccc(F)nc2)cc1-3,1,pool
11.368296,3.3750355,O=C1c2c(O)cc(O)cc2O[C@H](c2ccc(O)cc2)[C@H]1c1c(O)cc(O)c2c(=O)cc(-c3ccc(O)c(O)c3)oc12,0,pool
8.995611,-2.2089758,CCC(CC)CNc1nc(NCCc2cn(CC)cn2)nc2c1ncn2[C@@H]1C[C@H](n2cc(CO)cn2)[C@@H](O)[C@H]1O,1,pool
7.5933304,4.39439,CCCNc1ncc(-c2cc(-c3ccccc3F)nc(-c3ccccn3)n2)s1,1,pool
8.21461,0.27023464,CC[C@@H](C)Nc1ncc(-c2cc(-c3ccccc3Cl)nc(-c3ccccn3)n2)s1,1,pool
8.143746,0.3396755,CC(C)Nc1ncc(-c2cc(-c3ccccc3Cl)nc(-c3ccccn3)n2)s1,1,pool
8.069854,0.34798265,CCNc1ncc(-c2cc(-c3ccccc3Cl)nc(-c3ccccn3)n2)s1,1,pool
8.185904,0.33214343,CCCNc1ncc(-c2cc(-c3ccccc3Cl)nc(-c3ccccn3)n2)s1,1,pool
8.244701,0.2055056,CC[C@H](C)Nc1ncc(-c2cc(-c3ccccc3Cl)nc(-c3ccccn3)n2)s1,1,pool
8.224951,0.257067,CCCNc1ncc(-c2cc(-c3ccc(F)cc3Cl)nc(-c3ccccn3)n2)s1,1,pool
10.321815,7.509352,CN(C(=O)Nc1ccc2c(-c3ccncc3)c[nH]c2c1)c1ccccc1,0,pool
10.11597,4.700694,C#Cc1cccc(Nc2ncnc3cc(OCCOC)c(OCCOC)cc23)c1,0,pool
-21.90521,0.1844444,C=C(Br)C(=O)Nc1ccc(/C=C/C(=O)Nc2cc(OC)c(OC)c(OC)c2)cc1,1,pool
11.443271,3.0293584,Oc1cc(O)c2c(c1)O[C@@]1(c3ccc(O)c(O)c3)Oc3cc(O)c4c(c3[C@@H]2[C@H]1O)O[C@H](c1ccc(O)c(O)c1)[C@@H](O)C4,0,pool
7.2233567,-1.1651442,NC(=O)CCNC[C@H](Cc1ccc(O)cc1)NC[C@H](Cc1ccc(O)cc1)NC[C@H](Cc1ccc(O)cc1)NC[C@@H](N)Cc1ccc(O)cc1,0,pool
12.124774,4.040577,COc1cc2c(Nc3cccc4cccnc34)c(C(N)=O)cnc2cc1-c1c(C)noc1C,1,pool
3.2105284,13.15384,CCNC(=O)c1ccc(C)c(NC(=O)c2cnn(-c3ccccc3)c2N)c1,1,pool
3.1026382,13.097859,CNC(=O)c1ccc(C)c(NC(=O)c2cnn(-c3ccccc3)c2N)c1,1,pool
3.3298512,13.132772,CCNC(=O)c1ccc(C)c(NC(=O)c2cnn(-c3ccccc3)c2NCC)c1,1,pool
8.810958,2.1320298,CNc1nc2sc(N3CCCCCC3)nc2c2c1ncn2C,1,labeled
12.585955,4.1403,COc1ccc(-c2cnc3nc(N)nc(NC(C)C)c3n2)cc1OC,1,pool
10.63707,7.16404,CCOc1nc(N)nc2ncc(-c3cccc(OC)c3)nc12,0,pool
12.6508665,4.1191144,CCOc1ccc(-c2cnc3nc(N)nc(OC(C)C)c3n2)cc1,0,pool
10.673982,8.317538,COc1ccc(Nc2c(-c3ccc(OC)cc3)cnc3ccccc23)cc1,0,pool
10.60846,8.431387,COc1ccc(Nc2c(-c3ccccc3)cnc3ccccc23)cc1,0,pool
10.217267,7.3779645,Cn1cc(C#N)c2ccc(NC(=O)Nc3ccccc3)cc21,0,pool
11.610928,2.2234354,O=C1NCC2(CC2)c2[nH]c3c(c21)CCc1cnc(-c2cccc(F)c2)cc1-3,1,pool
13.196238,3.7353203,COc1ccc(-c2cnc3nc(N)nc(N4CCC(C)CC4)c3n2)cc1OC,1,pool
12.209184,2.5653439,COc1cc(C)cc2c1C(=O)C=C(c1c(C)cc3c(c1OC)C(=O)C(Nc1ccc(Cl)cc1)=CC3=O)C2=O,0,pool
4.925788,-2.3773475,C=C1/C(=C\C=C2/CCC[C@]3(C)[C@@H]([C@H](C)CCCC(C)(C)O)CC[C@@H]23)C[C@@H](O)C[C@@H]1O,1,labeled
9.199051,9.132162,O=C(c1ccc(-c2ccccc2)o1)n1cncn1,0,pool
9.104949,8.647655,O=C(c1ccc(-c2ccc(F)cc2)o1)n1cncn1,0,pool
9.7295265,7.5532913,O=C(c1ccc(-c2ccccc2[N+](=O)[O-])o1)n1cncn1,0,pool
8.896082,8.342954,O=C(c1ccc(-c2ccc(Cl)cc2)o1)n1cncn1,0,pool
9.153468,9.06344,Cc1ccc(-c2ccc(C(=O)n3cncn3)o2)cc1,0,pool
9.1961975,8.693431,O=C(c1ccc(-c2cccc(F)c2)o1)n1cncn1,0,pool
8.81951,8.184401,O=C(c1ccc(-c2ccccc2Cl)o1)n1cncn1,0,pool
9.54986,7.809049,O=C(c1ccc(-c2ccc(F)cc2F)o1)n1cncn1,0,pool
9.222031,8.425986,O=C(c1ccc(-c2c(F)cccc2F)o1)n1cncn1,0,pool
8.860542,8.312837,O=C(c1ccc(-c2cccc(Cl)c2)o1)n1cncn1,0,pool
11.735285,9.264791,CCOc1cc(C(=CC#N)c2ccc(OC)c(-n3cccc3)c2)ccc1OC,1,labeled
16.977816,-3.143141,CC(C)C[C@@H](C(=O)N[C@@H](CCC/N=C(/N)N[N+](=O)[O-])C(=O)Nc1nccs1)[C@H](Cc1ccccc1)N(O)C=O,1,pool
6.7835903,-0.1271933,Cc1cn(CCN2CCOCC2)c2cc(C(=O)Nc3c(Cl)cncc3Cl)ccc12,1,pool
10.563129,4.2993956,N#Cc1c(-c2cccc(NC(=O)C3CCC(=O)O3)c2)cc(-c2ccccc2O)nc1N,0,pool
-7.3177505,10.838413,NC(=O)c1nn(-c2ccc(F)cc2)c2c1CCc1ccc(NC(=O)c3cc(N4CCC(O)CC4)ncc3Cl)cc1-2,1,pool
3.714443,13.901858,CONC(=O)c1ccc(C)c(Nc2ncnn3cc(C(=O)N[C@@H](C)c4ccccc4)c(C)c23)c1,1,pool
3.568336,13.986389,CONC(=O)c1ccc(C)c(Nc2ncnn3cc(C(=O)NCc4ccccc4)c(C)c23)c1,1,pool
3.666682,13.889353,CCNC(=O)c1ccc(C)c(Nc2ncnn3cc(C(=O)N[C@@H](C)c4ccccc4)c(C)c23)c1,1,labeled
11.223778,1.5604371,O=C1NC2(CC2)Cc2[nH]c3c(c21)CCc1cnc(-c2ccc(OCCN4CCOCC4)cc2)cc1-3,1,pool
11.008074,9.58242,COc1ccc(/C=C\c2cc(OC)c(OC)c(OC)c2)cc1O,1,pool
10.425971,7.327703,Cc1cc(Nc2cccc(NC(=O)c3ccc(Nc4ccnc5ccccc45)cc3)c2)nc(N)n1,0,pool
8.587921,-0.2971165,CCCS(=O)(=O)N1CCC(c2c[nH]c3c(C(N)=O)cc(-c4ccccc4)cc23)CC1,1,pool
10.483858,8.858906,CCC/C=C/c1nc2ccc(OC)cc2n2cccc12,0,pool
10.3769,8.941176,CCCCC#Cc1nc2ccccc2n2cccc12,0,pool
10.435744,8.9272175,CCCc1nc2cc(OC)ccc2n2cccc12,0,pool
9.74915,9.275809,C=Cc1nc2ccccc2n2cccc12,1,pool
10.315515,8.936549,CCC/C=C/c1nc2ccccc2n2cccc12,0,pool
10.385714,8.821013,CCCCCc1nc2cc(OC)ccc2n2cccc12,0,pool
10.319445,8.932797,CCCCCc1nc2ccccc2n2cccc12,0,labeled
10.280779,8.996774,CCCc1nc2ccccc2n2cccc12,0,pool
10.516368,8.912866,CCC/C=C/c1nc2cc(OC)ccc2n2cccc12,0,pool
11.4689865,9.697859,CCOc1cc(C(=CC#N)c2ccc(OC)c(C)c2)ccc1OC,1,pool
11.736789,9.233598,CCOc1cc(C(=CC#N)c2ccc(OC)c(OC(=O)N(C)C)c2)ccc1OC,1,pool
11.486728,9.595366,COc1cc(C(=CC#N)c2cc(OC)c(OC)c(OC)c2)cc(OC)c1OC,1,pool
11.215099,9.763772,COc1ccc(C(=CC#N)c2ccc(OC)c(OC)c2)cc1OC,1,pool
11.171587,9.754693,CC=C(c1cc(OC)cc(OC)c1)c1ccc(OC)c(O)c1,1,pool
11.693578,9.112112,COc1cc(OC)cc(C(=CC#N)c2ccc(OC)c(NC(C)=O)c2)c1,1,pool
11.226681,9.78404,COc1cc(OC)cc(/C(=C/C#N)c2ccc(OC)c(OC)c2)c1,1,pool
11.548562,9.616078,C=C(c1ccc(OC)c(N)c1)c1ccc(OC)c(OCC)c1,1,pool
11.218863,9.794676,COc1cc(OC)cc(/C(=C\C#N)c2ccc(OC)c(OC)c2)c1,1,pool
11.416496,9.708331,CCOc1cc(C(=CC#N)c2cc(OC)cc(OC)c2)ccc1OC,1,pool
11.542078,9.635687,CCOc1cc(C(=CC#N)c2ccc(NC)cc2)ccc1OC,1,pool
11.08267,9.806535,COc1cccc(C(=CC#N)c2cc(OC)cc(OC)c2)c1,1,pool
11.464884,9.721245,CCOc1cc(C(=CC#N)c2ccc(OC)c(OC)c2)ccc1OC,1,pool
11.611961,9.530777,COc1ccc(C(=CC#N)c2cc(OC)c(OC)c(OC)c2)cc1OC,1,pool
11.647715,9.553091,CCOc1cc(C(=C(F)F)c2ccc(OC)c(O)c2)ccc1OC,1,pool
11.739201,9.411661,CCOc1cc(C(=CC#N)c2ccc(N(C)C)cc2)ccc1OC,1,pool
11.538404,9.672382,CCOc1cc(C(=CC#N)c2ccc(OC)c(OCC)c2)ccc1OC,1,pool
11.168721,9.7464,COc1cccc(C(=CC#N)c2ccc(OC)c(OC)c2)c1,1,pool
11.714544,9.386653,CCOc1cc(C(=CC#N)c2ccc(OC)c(N)c2)ccc1OC,1,pool
11.701022,9.300341,COc1ccc(C(=CC#N)c2cc(OC)c(OC)c(OC)c2)cc1N,1,pool
11.178744,9.8440695,COc1ccc(C(=CC#N)c2cc(OC)cc(OC)c2)cc1,1,labeled
11.03824,9.8499775,COc1ccc(C(=CC#N)c2ccc(OC)c(OC)c2)cc1,1,pool
11.088079,9.74357,COc1cc(OC)cc(C(=CC#N)c2ccc(OC)c(O)c2)c1,1,pool
11.651498,9.517212,CCOc1cc(C(=CC#N)c2ccc(OC)c(F)c2)ccc1OC,1,pool
11.267976,9.752452,CCOc1cc(C(=CC#N)c2cccc(OC)c2)ccc1OC,1,pool
11.439729,9.603316,COc1cc(OC)cc(C(=CC(C)=O)c2ccc(OC)c(OC)c2)c1,1,pool
11.288604,9.764719,C=C(c1ccc(OC)c(O)c1)c1ccc(OC)c(OCC)c1,1,labeled
11.658226,9.470044,COc1cc(OC)cc(C(=CC#N)c2ccc(OC)c(N)c2)c1,1,pool
7.387608,0.25536197,CCOc1cc(C(=CC#N)c2ccc(S(C)(=O)=O)cc2)ccc1OC,1,pool
11.536494,9.635821,C=C(c1cc(OC)cc(OC)c1)c1ccc(OC)c(N)c1,1,pool
11.316495,9.750131,CCOc1cc(C(=CC#N)c2ccc(OC)c(O)c2)ccc1OC,1,pool
10.0263815,4.4919863,O=C(c1ccc(Oc2ccc3c(c2)COB3O)cc1)N1CCOCC1,1,pool
9.059184,1.0932915,CC(=O)N1c2ccc(-c3ccc(C(=O)O)cc3)cc2[C@H](Nc2ccc(Cl)cc2)C[C@@H]1C,1,labeled
10.5908375,9.01959,O=C(O)C(=O)CC(=O)c1ccc2ccc3ccccc3c2c1,0,pool
7.056163,1.0736634,O=C(O)C(=O)CC(=O)c1ccc2c(ccc3cc(Cl)ccc32)c1,0,pool
10.450656,8.797904,O=C(O)C(=O)CC(=O)c1cc2ccccc2c2ccccc12,0,labeled
10.007464,3.9046268,NC(=O)c1cc(-c2ccccc2)cc2c(C3CCCNC3)c[nH]c12,1,pool
3.771321,13.650101,Cc1ccc(NC(=O)c2ccc(CN3CCN(C)CC3)cc2)cc1Nc1nccc(-c2cccnc2)n1,0,pool
9.401768,-0.34930167,CC(C)Cn1c(=O)n(C)c(=O)c2c(SCCCO)c(Cc3cccc4ccccc34)sc21,1,pool
6.5904384,-2.6050518,CCCCCC[C@H]1C(=O)N[C@@]2([C@@H](O)[C@@H]3C=CCCC3)C(=O)O[C@@]12C,1,pool
9.790742,7.552486,Cc1cc(C)n(C(=O)c2coc(-c3ccccc3O)n2)n1,0,pool
9.23533,8.975917,O=C(c1coc(-c2ccccc2)n1)n1cccn1,0,pool
9.24575,8.725137,COc1cccc(-c2nc(C(=O)n3cccn3)co2)c1,0,pool
9.765593,7.516831,Cc1ccc(-c2nc(C(=O)n3nc(C)cc3C)co2)cc1,0,pool
9.241164,8.574287,O=C(c1coc(-c2cccc(F)c2)n1)n1cccn1,0,pool
9.715723,7.594079,COc1ccc(-c2nc(C(=O)n3nc(C)cc3C)co2)cc1,0,pool
9.721403,7.5813227,Cc1cc(C)n(C(=O)c2coc(-c3cccc(F)c3)n2)n1,0,pool
7.8682327,1.1220223,Cc1cc(C)n(C(=O)c2coc(-c3ccc(Cl)cc3)n2)n1,0,pool
-21.47059,-0.7456757,Cc1cc(C)n(C(=O)c2coc(-c3ccc(Br)cc3)n2)n1,0,pool
9.23736,8.847567,O=C(c1coc(-c2cccc(O)c2)n1)n1cccn1,0,pool
9.535242,7.846958,Cc1cc(C)n(C(=O)c2coc(-c3cccc(O)c3)n2)n1,0,pool
8.851212,8.310131,O=C(c1coc(-c2ccc(Cl)cc2)n1)n1cccn1,0,pool
9.783372,7.5121245,COc1cccc(-c2nc(C(=O)n3nc(C)cc3C)co2)c1,0,pool
9.701452,7.5461836,Cc1cc(C)n(C(=O)c2coc(-c3ccc(F)cc3)n2)n1,0,pool
9.278993,8.758033,O=C(c1coc(-c2ccccc2O)n1)n1cccn1,0,pool
9.236711,8.760836,Cc1ccc(-c2nc(C(=O)n3cccn3)co2)cc1,0,pool
9.214403,8.791671,O=C(c1coc(-c2ccc(O)cc2)n1)n1cccn1,0,pool
-21.465626,-0.7946083,O=C(c1coc(-c2ccc(Br)cc2)n1)n1cccn1,0,pool
9.171113,8.899408,COc1ccc(-c2nc(C(=O)n3cccn3)co2)cc1,0,pool
9.266602,8.577976,O=C(c1coc(-c2ccc(F)cc2)n1)n1cccn1,0,pool
9.625397,7.704366,Cc1cc(C)n(C(=O)c2coc(-c3ccccc3)n2)n1,0,pool
9.746116,7.5578866,Cc1cc(C)n(C(=O)c2coc(-c3ccc(O)cc3)n2)n1,0,pool
9.547507,-0.4134599,Cc1oc2ncn(CCCN3CCCC3)c(=O)c2c1C(=O)Nc1ccc(S(N)(=O)=O)nc1,0,pool
7.0700254,-0.8676157,CC1(C)C2CC=C(/C=N/NC(N)=S)C1C2,0,pool
8.793825,1.7284192,COc1cc(CO)ccc1-c1cc2c(Nc3ccc(OCc4cccc(F)c4)c(Cl)c3)ncnc2s1,0,pool
8.163342,-0.2480455,Cc1ccc(-c2c(C)noc2C)cc1S(=O)(=O)NC1CCCC1,1,pool
5.7908835,-4.2180505,Nc1ncnc2c1ncn2[C@@H]1O[C@H](COS(=O)(=O)NC(=O)[C@@H](N)Cc2c[nH]c3ccccc23)[C@@H](O)[C@H]1O,1,pool
6.6430144,0.0852024,Cc1cn(CCCc2ccccc2)c2cc(C(=O)Nc3c(Cl)cncc3Cl)ccc12,1,pool
8.906624,1.3381424,CC/C(O)=C(\C#N)C(=O)Nc1ccc(-c2cccc(OC(F)(F)F)c2)c(C(=O)OC)c1,0,pool
8.643957,1.2976443,CC/C(O)=C(\C#N)C(=O)Nc1ccc(-c2cccc(Cl)c2)c(C(=O)OC)c1,0,pool
8.54849,1.2670423,CC/C(O)=C(\C#N)C(=O)Nc1ccc(-c2ccc(Cl)cc2)c(C(=O)OC)c1,0,pool
13.10549,2.2192578,CC/C(O)=C(\C#N)C(=O)Nc1ccc(-c2cc(F)c(F)c(F)c2)c(C(=O)OC)c1,0,pool
4.904112,-2.4100165,C[C@@]12CCC[C@@](C)(C(=O)O)[C@H]1CC[C@@]13C[C@@H](CC[C@@H]21)[C@]1(CO)O[C@H]31,1,labeled
9.505738,1.5558158,CC(=O)N1c2ccccc2N(Cc2cccc(CO)c2)CC1C1CC1,1,pool
9.442083,1.4687754,CC(=O)N1c2ccccc2N(Cc2ccccc2CO)CC1C1CC1,1,pool
8.100594,-0.3431408,CC(=O)N1c2ccccc2N(Cc2ccc(Cl)cc2C(=O)O)CC1C1CC1,0,pool
9.536396,0.46100712,Cn1cc(NC(=O)c2cnn3ccc(N[C@@H]4CCCC[C@@H]4N)nc23)c(C(F)(F)F)n1,1,pool
9.436512,0.45029733,Cn1cc(NC(=O)c2cnn3ccc(N[C@@H]4CCCC(F)(F)[C@@H]4N)nc23)c(C(F)(F)F)n1,1,pool
9.5866,0.43699068,Cn1cc(NC(=O)c2cnn3ccc(N[C@@H]4CCCC(F)(F)[C@@H]4N)nc23)c(C(F)F)n1,1,pool
9.557414,0.5601654,Cn1cc(NC(=O)c2cnn3ccc(N[C@@H]4CCCC[C@@H]4O)nc23)c(C(F)F)n1,1,pool
9.547636,0.55079085,Cn1cc(NC(=O)c2cnn3ccc(N[C@@H]4CCCC[C@@H]4O)nc23)c(C(F)(F)F)n1,1,pool
10.410428,2.0090199,Cn1cc(NC(=O)c2cnn3ccc(N[C@@H]4CCCC[C@@H]4N)nc23)c(C(N)=O)n1,1,pool
10.483345,7.830539,CCc1ccc(Nc2nc3ccccc3cc2-c2ccccc2)cc1,0,pool
10.628105,8.163815,COc1cccc(Nc2nc3ccccc3cc2-c2ccccc2)c1,0,pool
10.634349,8.200492,COc1ccc(Nc2nc3ccccc3cc2-c2ccc(C)cc2)cc1,0,pool
11.177392,2.5404735,O=C1CN(/N=C/[C@H](Cc2ccccc2)NC(=O)[C@H](Cc2c[nH]c3ccccc23)NC(=O)[C@H](Cc2c[nH]c3ccccc23)NC(=O)OCc2ccccc2)C(=O)N1,1,pool
9.004304,-2.101032,O=C[C@H](CC(=O)O)NC(=O)[C@@H]1CCCN2C(=O)CC[C@H](NC(=O)c3nccc4ccccc34)C(=O)N12,1,pool
7.287252,-0.57958126,COc1ccc(C(=O)Cc2c(Cl)cncc2Cl)c(OC)c1OCC1CC1,1,pool
7.787587,0.5041403,O=C1S/C(=C\c2c3ccccc3nc3ccccc23)C(=O)N1Cc1ccc(Cl)cc1,0,pool
9.672088,5.467997,Cc1ccc(CN2C(=O)S/C(=C\c3c4ccccc4nc4ccccc34)C2=O)cc1,0,pool
17.057245,-3.0872378,N/C(=N/CCC[C@H](NC(=O)[C@H](CC1CCCCC1)[C@H](CCC(F)(F)F)N(O)C=O)C(=O)Nc1nccs1)N[N+](=O)[O-],1,pool
16.991396,-3.1344264,CCC[C@@H]([C@@H](CC1CCC(C)CC1)C(=O)N[C@@H](CCC/N=C(/N)N[N+](=O)[O-])C(=O)Nc1nccs1)N(O)C=O,1,pool
16.99068,-3.1323724,CCC[C@@H]([C@@H](CC1CCCCC1)C(=O)N[C@@H](CCC/N=C(/N)N[N+](=O)[O-])C(=O)Nc1nccs1)N(O)C=O,1,pool
17.600834,-2.6641452,CC1CCC(C[C@@H](C(=O)N[C@@H](CCC/N=C(/N)NS(C)(=O)=O)C(=O)Nc2nccs2)[C@H](C(C)C)N(O)C=O)CC1,1,pool
16.987452,-3.1355956,CC1CCC(C[C@@H](C(=O)N[C@@H](CCC/N=C(/N)N[N+](=O)[O-])C(=O)Nc2nccs2)[C@H](C(C)C)N(O)C=O)CC1,1,pool
8.663919,1.6165828,COc1ccc(S(=O)(=O)c2ccc3ncc(C(N)=O)c(Nc4cccc(OC)c4)c3c2)cc1,1,pool
8.754736,1.6171293,COc1ccc(S(=O)(=O)c2cc(C)c3ncc(C(N)=O)c(Nc4cccc(OC)c4)c3c2)cc1,1,pool
8.643397,1.5894431,COc1cccc(Nc2c(C(N)=O)cnc3c(C)cc(S(=O)(=O)c4ccccc4)cc23)c1,1,pool
8.779685,1.6187605,COc1cccc(Nc2c(C(N)=O)cnc3ccc(S(=O)(=O)c4cccc(C(=O)N(C)C)c4)cc23)c1,1,pool
8.638757,1.6728841,COc1cccc(Nc2c(C(N)=O)cnc3ccc(S(=O)(=O)c4ccccc4)cc23)c1,1,pool
8.915934,1.4733847,COc1cccc(Nc2c(C(N)=O)cnc3ccc(S(=O)(=O)c4ccc(C(C)(C)C)cc4)cc23)c1,1,pool
9.645354,-2.4762814,Cc1cccc2nc(C(=O)N[C@H]3CC[C@@H](NC(=O)c4cc(F)cnc4Oc4cccc(-c5ccc(CN6C[C@@H](C)N[C@@H](C)C6)cc5)c4)CC3)cn12,1,pool
9.593006,-0.13412413,CCNc1nc2sc(-c3cccc([C@H](C)NC(=O)c4cccc(S(C)(=O)=O)c4)c3)nc2c2c1ncn2C,1,pool
9.009995,-2.2055457,CCNC(=O)[C@H]1O[C@@H](n2cnc3c(N)nc(NCCc4ccc(CCC(=O)O)cc4)nc32)[C@H](O)[C@@H]1O,1,pool
9.667271,6.257309,Cc1ccn2nc(O)c(C(=O)Nc3c(F)c(F)c(-c4ccccc4)c(F)c3F)c2c1,0,pool
9.529905,-2.4025743,COc1cc(C)cc2c1C(=O)C=C(c1c(C)cc3c(c1OC)C(=O)C(NCCO[C@@H]1C=C[C@H](OC(C)=O)[C@@H](COC(C)=O)O1)=CC3=O)C2=O,0,pool
9.560261,-2.4037683,COc1cc(C)cc2c1C(=O)C=C(c1c(C)cc3c(c1OC)C(=O)C(NCCO[C@H]1C=C[C@H](OC(C)=O)[C@@H](COC(C)=O)O1)=CC3=O)C2=O,0,pool
9.592652,-2.4045486,COc1cc(C)cc2c1C(=O)C=C(c1c(C)cc3c(c1OC)C(=O)C(NCCOC1C=C[C@H](OC(C)=O)[C@@H](COC(C)=O)O1)=CC3=O)C2=O,0,pool
9.462759,4.277958,NCC1(c2cccc(-c3ccnc4[nH]ncc34)c2)CCCCC1,1,pool
9.607147,4.4807196,NCCNc1c2ccccc2nc2cccc([N+](=O)[O-])c12,1,pool
9.564447,4.247091,NCCCCCCNc1c2ccccc2nc2cccc([N+](=O)[O-])c12,1,pool
9.612297,4.252203,NCCCCCNc1c2ccccc2nc2cccc([N+](=O)[O-])c12,1,pool
9.573264,4.266261,NCCCCNc1c2ccccc2nc2cccc([N+](=O)[O-])c12,1,pool
9.564112,4.206919,NCCCNc1c2ccccc2nc2cccc([N+](=O)[O-])c12,1,pool
9.488732,1.6437987,CCc1ccc2nc(Nc3cc(Cc4ccccc4)nc(N[C@H]4CC[C@H](O)CC4)n3)sc2c1,1,pool
9.518306,1.5703536,COc1ccc2nc(Nc3cc(Cc4ccccc4)nc(N[C@H]4CC[C@H](O)CC4)n3)sc2c1,1,pool
-21.344545,-0.9617758,O=C(O)c1cc(Br)cc(C(=O)/C=C/c2c(Cl)ccc(Cl)c2Cl)c1O,0,pool
-21.394157,-0.9258359,O=C(O)c1cc(Br)cc(C(=O)/C=C/c2ccc(Br)cc2)c1O,0,pool
-21.32533,-1.0088067,O=C(O)c1cc(Br)cc(C(=O)/C=C/c2ccc(Cl)cc2Cl)c1O,0,pool
9.91517,8.02711,Nc1ccc(C(=O)/C=C/c2ccc([N+](=O)[O-])cc2)cc1,0,pool
10.217411,9.123186,Nc1ccc(C(=O)/C=C/c2ccccc2)cc1,0,pool
10.00698,9.23393,O=C(/C=C/c1ccccc1)c1ccccc1,0,pool
6.856785,-0.2108743,Cc1nc(Cn2cc(C)c3ccc(C(=O)Nc4c(Cl)cncc4Cl)cc32)cs1,1,pool
4.9064956,-2.4354103,C[C@@]12CCC[C@@](C)(C(=O)O)[C@H]1CC(=O)[C@@]13C[C@@H](CC[C@H]12)[C@H](O)C3,1,pool
4.8654056,-2.3911455,C[C@@]12CCC[C@@](C)(C(=O)O)[C@H]1CC(=O)[C@]13C[C@@H](CO)[C@H](CC[C@H]12)C3,1,pool
3.7511578,13.26472,Cc1nnc(-c2ccc(-c3cc(NC(=O)c4ccnc(N5CCCC5)c4)ccc3C)c(C)c2)o1,1,pool
4.130017,14.716207,Cc1ccc(NC(=O)c2cccc(N3CCOCC3)c2)cc1Nc1ncnn2cc(C(=O)N[C@@H](C)c3ccccc3)c(C)c12,1,labeled
4.2838535,14.968971,Cc1ccc(NC(=O)c2cc(F)cc(N3CCOCC3)c2)cc1Nc1ncnn2cc(C(=O)N[C@H](C)c3ccccc3)c(C)c12,1,pool
4.314624,14.97351,Cc1ccc(NC(=O)c2cc(F)cc(N3CCOCC3)c2)cc1Nc1ncnn2cc(C(=O)N[C@@H](C)c3ccccc3)c(C)c12,1,pool
-21.426508,-0.8286589,CCOP(=O)(NC1(Cc2ccccc2)C(=O)Nc2ccc(Br)cc21)OCC,0,pool
10.706145,4.121535,CC(=O)N1C(=O)C(Cc2ccccc2)(NC=O)c2ccccc21,0,labeled
-21.458483,-0.7898736,O=CNC1(Cc2ccccc2)C(=O)Nc2ccc(Br)cc21,0,pool
9.549613,-0.3983533,Cc1oc2ncn(CCN(C)C)c(=O)c2c1C(=O)Nc1ccc(S(N)(=O)=O)nc1,0,labeled
11.406351,2.4659214,CCOC(=O)c1cn2c(c(-c3ccc(CN4CCC(n5c(=O)[nH]c6ccccc65)CC4)cc3)nc3ccccc32)c1-c1ccccc1,0,pool
10.714677,5.619497,O=C1NCc2[nH]c3c(ccc4cnc(/C=C/c5ccccc5)cc43)c21,1,pool
7.3647995,0.9682004,N=C(N)Nc1cccc(-c2ccccc2Cl)n1,0,pool
10.245806,9.164209,N=C(N)Nc1cccc(-c2ccccc2)n1,0,pool
9.152114,-2.2928019,O=C1CN(/N=C/[C@H](Cc2ccccc2)NC(=O)[C@H](Cc2c[nH]c3ccccc23)NC(=O)[C@H](Cc2c[nH]c3ccccc23)NC(=O)CCCCC2SCC3NC(=O)NC32)C(=O)N1,0,pool
9.910957,9.37182,COc1ccc(Nc2ccccn2)cc1,0,pool
11.196536,2.6116748,COc1cc(Nc2nc(N[C@H]3CCCC[C@H]3N)n3cnnc3c2C(N)=O)cc(OC)c1,1,pool
7.0408883,-1.1985831,CC1=CCC[C@H]2[C@](C)(CC3=CC(=O)C(Sc4ccccc4)=CC3=O)[C@@H](C)CC[C@]12C,0,pool
4.3334384,15.125035,CNC(=O)c1cn2ncnc(Nc3cc(NC(=O)c4cc(F)cc(N5CCOCC5)c4)ccc3C)c2c1C,1,labeled
4.3828397,15.087334,Cc1ccc(NC(=O)c2cc(F)cc(N3CCOCC3)c2)cc1Nc1ncnn2cc(C(=O)NCCN(C)C)c(C)c12,1,pool
4.398066,15.076667,COC[C@H](C)NC(=O)c1cn2ncnc(Nc3cc(NC(=O)c4cc(F)cc(N5CCOCC5)c4)ccc3C)c2c1C,1,pool
4.301339,14.986075,COC[C@H](C)NC(=O)c1cn2ncnc(Nc3cc(NC(=O)c4cccc(N5CCOCC5)c4)ccc3C)c2c1C,1,pool
4.155358,14.8146925,CCNC(=O)c1cn2ncnc(Nc3cc(NC(=O)c4cccc(N5CCOCC5)c4)ccc3C)c2c1C,1,labeled
4.343468,15.119519,CCOC(=O)c1cn2ncnc(Nc3cc(NC(=O)c4cc(F)cc(N5CCOCC5)c4)ccc3C)c2c1C,1,pool
4.3518543,15.141149,Cc1ccc(NC(=O)c2cc(F)cc(N3CCOCC3)c2)cc1Nc1ncnn2cc(C(=O)NC(C)C)c(C)c12,1,pool
4.309608,15.098156,Cc1ccc(NC(=O)c2cc(F)cc(N3CCOCC3)c2)cc1Nc1ncnn2ccc(C)c12,1,pool
4.362811,15.14189,CCNC(=O)c1cn2ncnc(Nc3cc(NC(=O)c4cc(F)cc(N5CCOCC5)c4)ccc3C)c2c1C,1,pool
4.3486314,15.136557,Cc1ccc(NC(=O)c2cc(F)cc(N3CCOCC3)c2)cc1Nc1ncnn2cc(C(=O)N(C)C)c(C)c12,1,pool
4.307834,15.091766,Cc1ccc(NC(=O)c2cc(F)cc(N3CCOCC3)c2)cc1Nc1ncnn2cc(C(N)=O)c(C)c12,1,pool
4.3429356,15.10097,CCCNC(=O)c1cn2ncnc(Nc3cc(NC(=O)c4cc(F)cc(N5CCOCC5)c4)ccc3C)c2c1C,1,labeled
12.097358,3.6044698,COc1cccc(COc2cc(N)[nH]c3nc(-c4ccc(F)cc4)c(-c4ccncc4)c2-3)c1,1,pool
7.0077553,4.475729,Cc1ccc(C(=O)Nc2ccn[nH]2)cc1NC(=O)c1cnc(NC(C)C)s1,1,pool
7.0283413,4.4737916,Cc1ccc(C(=O)Nc2ccnn2C)cc1NC(=O)c1cnc(NC(C)C)s1,1,labeled
12.046107,3.9823506,COC(=O)c1cn2ncnc(-c3c(O)[nH]c4cc(F)ccc34)c2c1C,1,pool
-21.533949,-0.20010841,COC(=O)c1cn2ncnc(-c3c(O)[nH]c4cc(Br)ccc34)c2c1C,1,pool
9.666543,0.24911487,Cn1cc(NC(=O)c2cnn3ccc(N4C[C@H](N)CC(F)(F)C4)nc23)c(C(F)F)n1,1,pool
10.33282,2.1738255,Cc1ccc(-n2nc(C(C)(C)C)cc2NC(=O)Nc2ccc(OCCN3CCOCC3)c3ccccc23)cc1,1,pool
8.240257,-1.4847153,CC(C)(C)OC(=O)N1[C@H](CO)CC(F)(F)[C@H]1n1cnc2c(Cl)ncnc21,0,pool
9.56213,-0.2697666,CC(C)Cn1c(=O)n(C)c(=O)c2c(C(=O)N3CCCC3)c(Cc3ccccc3C(F)(F)F)sc21,1,pool
10.815122,8.394665,O=c1cc(-c2ccc(O)cc2)oc2cc(O)c(-c3c(O)cc(O)c4c(=O)cc(-c5ccc(O)cc5)oc34)c(O)c12,0,pool
6.173407,-3.0211556,C[C@]12C=CC(=O)C=C1[C@@H](F)C[C@H]1[C@@H]3C[C@H]4O[C@@H](c5ccc(SCc6ccccc6)cc5)O[C@@]4(C(=O)CO)[C@@]3(C)C[C@H](O)[C@@]12F,1,pool
11.090056,4.9210353,COCCOc1cncc(-c2cc3c(ccc4c5c([nH]c43)CCNC5=O)cn2)c1,1,pool
6.665888,0.11179585,Cc1cn(Cc2cccc3ccccc23)c2cc(C(=O)Nc3c(Cl)cncc3Cl)ccc12,1,labeled
9.5358095,4.7776027,c1ccc(-c2cc3ccncc3cc2OCC2CCCNC2)cc1,1,pool
10.286733,1.4423733,CCn1ncc2c(NC3CCOCC3)c(C(=O)NC3CCCC3)cnc21,1,pool
5.7856984,-4.215884,Nc1ncnc2c1ncn2[C@@H]1O[C@H](COS(=O)(=O)NC(=O)[C@@H](N)Cc2c[nH]cn2)[C@@H](O)[C@H]1F,1,pool
10.434814,2.422894,CC(=O)N1c2ccc(-c3cnc(C(N)=O)nc3)cc2N(Cc2ccccc2CO)C[C@@H]1C1CC1,1,pool
9.453925,4.31727,NCC1(c2cccc(-c3ccnc4[nH]ncc34)c2)CCCC1,1,pool
8.548845,5.263282,Nc1nc(N)c(F)c(-c2nc(-c3ccncc3)c(-c3ccco3)[nH]2)c1F,1,pool
9.623455,6.2350287,Cc1c(C(=O)Nc2c(F)c(F)c(-c3ccccc3)c(F)c2F)c(O)nn1C,0,labeled
-21.474016,-0.7886174,CC1(C)OC2C(=O)c3ccccc3C(=O)C2[C@@H]([N-][N+]#N)[C@@H]1Br,0,pool
4.344467,13.661641,CONC(=O)c1ccc(C)c(Nc2ncnn3cc(C(=O)NC4CCCC4)c(C)c23)c1,1,pool
10.609947,8.997292,COc1cc(C(=O)/C=C/c2ccc3ccccc3c2)cc(OC)c1OC,0,pool
10.490262,9.167009,COc1cc(C(=O)/C=C/c2ccc3ccccc3c2)ccc1O,0,pool
4.9303036,-2.414633,C=C[C@]1(C)C=C2C(=O)C[C@H]3[C@@](C)(CCC[C@@]3(C)C(=O)O)[C@@H]2CC1,1,pool
10.914175,3.5991328,CN1c2ccccc2C(=O)N2CCc3c([nH]c4ccccc34)C21,0,pool
-21.712132,0.9087712,Cc1ccc(C(=O)N(C)C)cc1-n1c(C)cc(OCc2ccc(F)cc2F)c(Br)c1=O,1,pool
-21.660416,0.92388576,CNC(=O)c1ccc(F)c(-n2c(C)cc(OCc3ccc(F)cc3F)c(Br)c2=O)c1,1,pool
-21.725697,0.9039194,CNC(=O)c1cccc(-n2c(C)cc(OCc3ccc(F)cc3F)c(Br)c2=O)c1C,1,pool
-21.635248,0.9022589,CNC(=O)c1cccc(-n2c(C)cc(OCc3ccc(F)cc3F)c(Br)c2=O)c1,1,pool
-21.642517,1.021628,CNC(=O)c1ccc(C)c(-n2c(CO)cc(OCc3ccc(F)cc3F)c(Br)c2=O)c1,1,labeled
-21.667109,0.98089683,CNC(=O)c1ccc(OC)c(-n2c(C)cc(OCc3ccc(F)cc3F)c(Br)c2=O)c1,1,pool
8.391667,1.4611878,O=c1c(Cl)c(OCc2ccc(F)cc2F)cc(CO)n1-c1c(F)cccc1F,1,labeled
-21.695127,1.0031435,CNC(=O)c1ccc(-n2c(C)cc(OCc3ccc(F)cc3F)c(Br)c2=O)c(C)c1,1,pool
-21.567924,0.19951014,O=c1c(Br)c(OCc2ccc(F)cc2F)cc(CO)n1-c1c(F)cccc1F,1,labeled
-21.593685,0.46785358,Cc1cc(OCc2ccc(F)cc2F)c(Br)c(=O)n1-c1cccc(C(N)=O)c1,1,pool
-21.531954,0.083285645,Cc1cc(OCc2ccc(F)cc2F)c(Br)c(=O)n1-c1c(F)cccc1F,1,pool
-21.841816,0.68075424,Cc1cc(OCc2ccc(F)cc2F)c(Br)c(=O)n1-c1ccc(CNC(=O)CN)cc1,1,pool
-21.5279,0.292152,Cc1cccc(C)c1-n1c(C)cc(OCc2ccc(F)cc2F)c(Br)c1=O,1,pool
-21.640043,0.99031556,Cc1ccc(C(N)=O)cc1-n1c(C)cc(OCc2ccc(F)cc2F)c(Br)c1=O,1,pool
-21.651709,1.0490983,CNC(=O)c1ccc(C)c(-n2c(C)cc(OCc3ccc(F)cc3F)c(Br)c2=O)c1,1,pool
-21.880648,0.65857583,Cc1cc(OCc2ccc(F)cc2F)c(Br)c(=O)n1-c1ccc(CNC(=O)CO)cc1,1,pool
8.057818,1.2545778,Cc1cc(OCc2ccc(F)cc2F)c(Cl)c(=O)n1-c1c(F)cccc1F,1,pool
-21.484106,-0.21019022,CNC(=O)c1ccc(Cl)c(-n2c(C)cc(OCc3ccc(F)cc3F)c(Br)c2=O)c1,1,pool
-21.733532,0.5517706,Cc1cc(OCc2ccc(F)cc2F)c(Br)c(=O)n1-c1c(F)cc(OCCO)cc1F,1,pool
-21.604706,0.33489448,CN(C)Cc1cc(OCc2ccc(F)cc2F)c(Br)c(=O)n1-c1c(F)cccc1F,1,pool
10.114415,6.62176,CC(C)(NC(=O)c1cc2[nH]c3ccccc3c(=O)c2cc1F)c1cccnc1,1,pool
10.115105,6.3834896,Cc1ccc(C(C)(C)NC(=O)c2cc3[nH]c4ccccc4c(=O)c3cc2F)cn1,1,pool
10.4224825,7.366171,CC(C)(NC(=O)c1ccc2c(=O)c3ccccc3[nH]c2c1)c1cccnc1,1,pool
10.136686,6.0102654,CN(C)c1ccc(C(C)(C)NC(=O)c2cc3[nH]c4ccccc4c(=O)c3cc2F)cn1,1,labeled
7.051475,-1.1017766,C/C=C1\C([C@@]2(C)CCCC(C)(C)C2)=CC[C@H]2[C@H](OC(C)=O)O[C@H](OC(C)=O)[C@@H]12,1,pool
9.408234,-0.042036373,N#Cc1ccc(-c2csc(N3N=C(c4ccc(N5CCOCC5)cc4)CC3c3ccc(Cl)cc3)n2)cc1,0,pool
10.087661,0.58966774,CC(C)Cn1c(=O)n(C)c(=O)c2c(C(=O)N3CC[C@@H](O)C3)c(Cc3ccnc4ccccc34)sc21,1,pool
7.458922,-0.41341895,COc1ccc(C(=O)Cc2c(Cl)cncc2Cl)c(OCCc2ccc(O)cc2)c1OC,1,pool
7.7656913,-0.17101617,CNC(=O)c1ccc(CCOc2c(C(=O)Cc3c(Cl)cncc3Cl)ccc(OC)c2OC)cc1,1,pool
7.4764576,-0.50479156,COc1ccc(C(=O)Cc2c(Cl)cncc2Cl)c(OCCc2ccccc2)c1OC,1,pool
7.4785304,-0.42791736,COc1ccc(C(=O)Cc2c(Cl)cncc2Cl)c(OCCc2ccc(C(=O)O)cc2)c1OC,1,pool
8.51169,5.266046,Nc1nc(N)c(F)c(-c2nc(-c3ccncc3)c(-c3cc4ccccc4o3)[nH]2)c1F,1,labeled
9.593679,4.369316,CCN(CC)Cc1ccc2cc(COC(=O)Nc3ccc(C(=O)NO)cc3)ccc2c1,1,pool
7.0641384,-0.8861509,CC(C)=CCC/C(C)=N\NC(N)=S,0,pool
-21.362486,-0.9394413,O=C(NCCN(CCNC(=O)C(Cl)Cl)CCNC(=O)C(Cl)Cl)C(Cl)Cl,0,pool
7.115884,-0.7574067,CC/C(=N/NC(N)=S)C(C)CC=C(C)C,0,pool
2.6351714,13.521361,CONC(=O)c1ccc(C)c(Nc2ncnc3c2cnn3-c2ccccc2)c1,1,pool
2.6666393,13.52951,CNC(=O)c1ccc(C)c(Nc2nc(N)nc3c2cnn3-c2ccccc2)c1,1,pool
3.822309,14.00347,CNC(=O)c1ccc(C)c(Nc2nc(N(C)CCC#N)nc3c2cnn3-c2ccccc2)c1,1,pool
2.7037125,13.597877,CNC(=O)c1ccc(C)c(Nc2nc(NC)nc3c2cnn3-c2ccccc2)c1,1,pool
2.6775365,13.505671,Cc1ccc(C(N)=O)cc1Nc1ncnc2c1cnn2-c1ccccc1,1,pool
2.679423,13.584725,CNC(=O)c1ccc(C)c(Nc2ncnc3c2cnn3-c2c(C)cc(C)cc2C)c1,1,pool
2.6556444,13.562989,CNC(=O)c1ccc(C)c(Nc2ncnc3c2cnn3-c2ccccc2F)c1,1,pool
2.6395147,13.613652,CNC(=O)c1ccc(C)c(Nc2ncnc3c2cnn3-c2ccc(F)cc2)c1,1,pool
2.6915526,13.521282,CNC(=O)c1ccc(C)c(Nc2ncnc3c2cnn3-c2ccccc2)c1,1,pool
11.335872,1.5876927,CN1CC2(CNC(=O)c3c2[nH]c2c3CCc3cnc(-c4ccc(OCCN5CCOCC5)cc4)nc3-2)C1,1,pool
10.324213,6.045447,CNc1nc2oc(-c3ccccc3)nc2c2c1ncn2C,1,pool
6.442839,-2.7671406,C[C@]12C=CC(=O)C=C1[C@@H](F)C[C@H]1[C@@H]3C[C@H]4O[C@@H](c5ccc(Oc6ccccc6)cc5)O[C@@]4(C(=O)CO)[C@@]3(C)C[C@H](O)[C@@]12F,1,pool
7.048281,1.2684729,Cc1ccsc1C(=O)/C=C/c1ccc(N2CCCCC2)cc1,0,labeled
7.0971704,-0.51127917,O=C(/C=C/c1ccc(N2CCCCC2)cc1)c1sccc1Cl,0,pool
-21.50615,-0.7844139,O=C(/C=C/c1ccc(N2CCCCC2)cc1)c1sccc1Br,0,pool
7.084255,1.2644075,Cc1csc(C(=O)/C=C/c2ccc(N3CCCCC3)cc2)c1,0,pool
7.0598354,1.3416277,Cc1ccc(C(=O)/C=C/c2ccc(N3CCCCC3)cc2)s1,0,pool
13.237183,3.610443,COc1ccc(-c2cnc3nc(N)nc(N4CCN(C(=O)NCc5ccccc5)CC4)c3n2)cc1OC,1,pool
13.303617,3.5793922,COc1ccc(-c2cnc3nc(N)nc(N4CCN(C(=O)NCc5ccc(F)cc5)CC4)c3n2)cc1OC,1,pool
11.037745,5.0184574,COCCOc1cncc(-c2cc3c(ccc4c5c([nH]c43)CNC5=O)cn2)c1,1,pool
7.3018003,-1.7133486,O=c1ccc2c(O[C@@H]3O[C@H](CO)[C@@H](O)[C@H](O)[C@H]3O)c(O)c3occc3c2o1,0,pool
7.6780076,1.2465501,Cn1cnc([N+](=O)[O-])c1Sc1ncnc2[nH]cnc12,1,pool
8.537474,5.2584844,Nc1nc(N)c(F)c(-c2nc(-c3ccc(F)cc3)c(-c3ccncc3)o2)c1F,1,pool
10.227884,6.874266,COc1ccc(COc2ccc(CCC(=O)/C=C/CCc3cccnc3)cc2OC)cc1,0,pool
7.1559033,0.6258983,CC(O)c1cc2c(s1)C(=O)c1sccc1C2=O,1,pool
7.2028546,0.81630534,O=C1c2ccsc2C(=O)c2sc(CO)cc21,1,pool
9.326295,1.2879357,CNCc1ccc(-c2ccc3c(c2)[C@H](NC(=O)OC(C)C)C[C@H](C)N3C(C)=O)cc1,1,pool
9.972246,-2.9480603,COc1c(C)c2c(c(O)c1C/C=C(\C)CCC(=O)NCCNc1ccc([N+](=O)[O-])c3[nH]c4ccccc4c(=O)c13)C(=O)OC2,1,pool
9.887329,6.6970296,O=C1C=C(N[C@@H](Cc2ccccc2)C(=O)O)C(=O)c2ccccc21,0,pool
5.927943,-2.992987,CC(=O)O[C@H]1C[C@H]2[C@@H]([C@H](OC(C)=O)C[C@@H]3CC(=O)CC[C@@]32C)[C@@H]2CC[C@H]([C@H](C)CCCNCCNc3ccnc4cc(Cl)ccc34)[C@@]12C,0,pool
5.57432,-3.0523667,C=C1C(=O)[C@]23[C@H](OC(=O)CCCCC4CCSS4)[C@H]1CC[C@H]2[C@@]12CO[C@]3(O)[C@@H](O)[C@@H]1C(C)(C)CC[C@@H]2OC(C)=O,0,pool
9.536576,1.660416,CCC1CN(Cc2ccccc2C(=O)O)c2ccccc2N1C(C)=O,1,pool
12.157729,4.0427094,COc1cc2c(Nc3ccccc3F)c(C(N)=O)cnc2cc1-c1c(C)noc1C,1,labeled
9.6541815,-0.025302708,COc1ncc(C2=CCOCC2)cc1NS(=O)(=O)c1cn(Cc2ccccc2)c(C)n1,1,pool
10.217638,3.6545126,Cc1ccc(C(=O)NC2CC2)cc1-c1ccc2c(=O)n(CC3CC3)nnc2c1,1,pool
4.0503335,13.292379,Cc1ccc(C(=O)NC2CC2)cc1-c1ccc2c(C3CCNCC3)noc2c1,1,pool
4.100488,13.272221,Cc1ccc(NC(=O)c2ccnc(N3CCOCC3)c2)cc1-c1ccc(C(=O)NCC2CC2)cc1,1,pool
11.378863,1.6893603,COCCCOc1cncc(-c2cc3c(cn2)CCc2c-3[nH]c3c2C(=O)NCC32CN(C)C2)c1,1,pool
11.552786,1.8017868,COc1ccc(-c2ncc3c(c2F)-c2[nH]c4c(c2CC3)C(=O)NCC42CN(C)C2)cn1,1,pool
11.58076,1.8377506,CN1CC2(CNC(=O)c3c2[nH]c2c3CCc3cnc(-c4ccc(F)nc4)cc3-2)C1,1,pool
11.093791,3.432443,COc1ccc(-c2nn(-c3ccccc3)cc2C(=O)N/N=c2/scc(-c3ccccc3)n2-c2ccccc2)cc1,0,pool
9.922401,0.32293075,CC(C)Cn1c(=O)n(C)c(=O)c2c(C(=O)N3CC[C@@H](O)C3)c(Cc3c[nH]c4ccccc34)sc21,1,pool
3.08896,14.003596,Cc1cccc(C(=O)Nc2ccc(C)c(Nc3ncnn4cc(C(=O)N[C@@H](C)c5ccccc5)c(C)c34)c2)c1,1,labeled
3.1602573,14.028232,Cc1ccc(NC(=O)c2ccccc2)cc1Nc1ncnn2cc(C(=O)N[C@@H](C)c3ccccc3)c(C)c12,1,pool
3.109535,14.01897,Cc1ccc(C(=O)Nc2ccc(C)c(Nc3ncnn4cc(C(=O)N[C@@H](C)c5ccccc5)c(C)c34)c2)cc1,1,pool
3.1045425,14.045471,Cc1ccc(NC(=O)c2ccc(C#N)cc2)cc1Nc1ncnn2cc(C(=O)N[C@@H](C)c3ccccc3)c(C)c12,1,pool
4.2398586,13.880567,Cc1ccc(NC(=O)c2cccc(C(F)(F)F)c2)cc1Nc1ncnn2cc(C(=O)N[C@@H](C)c3ccccc3)c(C)c12,1,labeled
5.8093424,-4.189689,Nc1ncnc2c1ncn2[C@@H]1CO[C@H](COS(=O)(=O)NC(=O)[C@H](Cc2ccccc2)NCc2ccccc2)[C@@H](O)[C@H]1O,1,pool
10.59168,8.708378,COc1ccc(Nc2ccc3ccccc3n2)cc1,0,pool
10.348253,7.9876027,Fc1ccc(Nc2ccc3ccccc3n2)cc1,0,pool
8.246168,0.31621724,Clc1ccccc1-c1cc(-c2cnc(NC3CCC3)s2)nc(-c2ccccn2)n1,1,pool
8.64322,-2.270006,CC1(C)O[C@]23[C@H](OC(=O)c4cccnc4)[C@H]1C[C@@H](OC(=O)/C=C\c1ccccc1)[C@]2(CO)[C@@H](OC(=O)c1ccccc1)CC[C@]3(C)O,0,pool
10.205892,2.1920555,CNc1nc(Nc2cc(C(=O)NOC)ccc2C)c(C#N)c(N(C)CC(C)(C)C)n1,0,pool
10.251985,2.131799,CONC(=O)c1ccc(C)c(Nc2nc(N)nc(N(C)CC(C)(C)C)c2C#N)c1,0,pool
3.8024092,13.741423,CCCNc1ncnc(Nc2cc(C(=O)NOC)ccc2C)c1C#N,0,pool
10.187031,2.2678378,CONC(=O)c1ccc(C)c(Nc2ncnc(N(C)CC(C)(C)C)c2C#N)c1,0,pool
10.238476,4.7427306,COc1ccc(C(CC(=O)O)N2C(=O)c3ccccc3C2=O)cc1OC1CCCC1,0,pool
10.842469,5.132186,O=c1[nH]cnc2[nH]c(-c3ccnc(/C=C/c4ccc(CN5CCOCC5)cc4)c3)cc12,1,pool
3.7897947,14.08413,Cc1cccc(C(=O)c2cn3ncnc(Nc4cc(C(=O)NC5CC5)ccc4C)c3c2C)n1,1,pool
3.6776447,14.111153,Cc1ccc(C(=O)NC2CC2)cc1Nc1ncnn2cc(C(=O)c3ccccn3)c(C)c12,1,pool
9.194134,1.230141,CN(CCOC(=O)/C=C/C(=O)c1ccc(F)cc1)C(C(=O)NC(C)(C)C)c1ccc(F)cc1,0,pool
11.315862,7.0412087,COc1cc(-c2nc(Nc3ccc4c(c3)NCN4)c3ccccc3n2)cc(OC)c1OC,1,queried
3.419411,14.180307,CCNC(=O)c1cn2ncnc(Nc3cc(NC(=O)c4cccc(-n5ccnc5)c4)ccc3C)c2c1C,1,labeled
7.104027,-1.748833,C=C1C(=O)O[C@@H]2/C(=C/CC(=O)O)C(=C(C)C)CC[C@@H]12,0,pool
1.5961014,-3.6538749,CC1=C(c2nc(-c3ccc(C#N)cc3)cs2)C(c2ccc(Oc3ccccc3)cc2)NC(=O)N1,1,pool
9.179283,0.58745366,CC(C)(O)[C@H](F)CNC(=O)c1cnc(Nc2ncc(C#N)cc2Cl)cc1NC1CC1,1,pool
7.494294,4.396224,CCNc1nc2ccc(-c3ocnc3-c3ccccc3F)cc2s1,1,pool
7.4739323,4.4824867,Nc1nc2ccc(-c3ocnc3-c3ccccc3F)cc2s1,1,pool
7.483259,4.3565702,CC[C@H](C)Nc1nc2ccc(-c3ocnc3-c3ccccc3F)cc2s1,1,pool
7.3749633,4.47584,CC(C)Nc1nc2ccc(-c3ocnc3-c3ccccc3)cc2s1,1,pool
7.500388,4.3760834,CC[C@@H](C)Nc1nc2ccc(-c3ocnc3-c3ccccc3F)cc2s1,1,labeled
7.4934287,4.3696814,CC(C)Nc1nc2ccc(-c3ocnc3-c3ccccc3F)cc2s1,1,pool
11.885668,2.3860781,CCN1CCN(c2ccc(C(C)(C)NC(=O)c3cc4[nH]c5ccccc5c(=O)c4cc3F)cn2)CC1,1,pool
9.814661,4.185624,N[C@H]1CC[C@@H](Nc2cc[nH]c(=O)c2-c2nc3ccccc3[nH]2)CC1,1,pool
6.6855183,-1.4401317,COc1c(C)c2c(c(O)c1C/C=C(\C)CCC(=O)N[C@H](Cc1ccccc1)C(=O)O)C(=O)OC2,1,labeled
6.698511,-1.4208627,COc1c(C)c2c(c(O)c1C/C=C(\C)CCC(=O)N[C@@H](Cc1ccccc1)C(=O)O)C(=O)OC2,1,pool
6.6800685,-1.449839,COC(=O)[C@H](Cc1ccccc1)NC(=O)CC/C(C)=C/Cc1c(O)c2c(c(C)c1OC)COC2=O,0,pool
-21.554464,0.115119085,Cc1cnc(-n2c(C)cc(OCc3ccc(F)cc3F)c(Br)c2=O)cn1,1,pool
-21.536375,0.1855395,Cc1cc(OCc2ccc(F)cc2F)c(Br)c(=O)n1-c1cnc(CO)cn1,1,pool
7.7517366,1.334473,Cc1c(Cc2cccnc2)c(=O)oc2cc(OC(=O)N(C)C)c(Cl)cc12,1,pool
8.360626,-0.29940155,CC1(C)CC(Nc2ccc(Cl)cc2)C2=C(O1)C(=O)c1ccccc1C2=O,1,pool
7.4194736,1.2144793,Cc1c(Cc2ccncc2)c(=O)oc2cc(OC(=O)N(C)C)c(Cl)cc12,1,pool
9.093191,-2.1819878,CCn1nnc([C@H]2O[C@@H](n3cnc4c(N)nc(N[C@H](CO)Cc5ccccc5)nc43)[C@H](O)[C@@H]2O)n1,1,pool
11.045559,4.9432783,O=C1NCCc2[nH]c3c(ccc4cnc(-c5cncc(OCCN6CCOCC6)c5)cc43)c21,1,pool
10.202977,1.6794701,CONC(=O)c1ccc(C)c(Nc2nc(N(C)CC(C)(C)C)nc(N3CCCN(C)CC3)n2)c1,1,pool
13.141073,2.148976,CC(=O)c1c(-c2ccc(F)cc2)c(-c2ccncc2)c(N2CCN(C(C)=O)CC2)n1C,1,pool
13.287969,2.2163363,COC(=O)c1c(-c2ccc(F)cc2)c(-c2ccncc2)c(N2CCNCC2)n1C,1,pool
13.229077,2.2085693,CC(=O)N1CCN(c2c(-c3ccncc3)c(-c3ccc(F)cc3)c(C#N)n2C)CC1,1,pool
13.224398,2.2446356,Cn1c(C#N)c(-c2ccc(F)cc2)c(-c2ccncc2)c1N1CCNCC1,1,pool
13.209256,2.1141465,CCOC(=O)c1c(-c2cccc(C(F)(F)F)c2)c(-c2ccncc2)c(N2CCNCC2)n1C,1,pool
13.300589,2.1987123,CCOC(=O)c1c(-c2ccc(C)cc2)c(-c2ccncc2)c(N2CCNCC2)n1C,1,pool
13.16628,2.1469865,COC(=O)c1c(-c2ccc(F)cc2)c(-c2ccncc2)c(N2CCN(C)CC2)n1C,1,pool
12.9358225,2.2044532,CCN1CCN(c2c(-c3ccncc3)c(-c3ccc(F)cc3)c(C(=O)OC)n2C)CC1,1,pool
13.265112,2.2876163,Cn1cc(-c2ccc(F)cc2)c(-c2ccncc2)c1N1CCNCC1,1,pool
13.254285,2.1955776,CC(=O)c1c(-c2ccc(F)cc2)c(-c2ccncc2)c(N2CCNCC2)n1C,1,pool
13.238214,2.2465649,CN1CCN(c2c(-c3ccncc3)c(-c3ccc(F)cc3)c(C#N)n2C)CC1,1,pool
12.8853445,2.1715474,CCCN1CCN(c2c(-c3ccncc3)c(-c3ccc(F)cc3)c(C(=O)OC)n2C)CC1,1,pool
13.101922,2.1604016,CC(=O)c1c(-c2ccc(F)cc2)c(-c2ccncc2)c(N2CCN(C)CC2)n1C,1,pool
13.301983,2.201273,CC(=O)C(=O)c1c(-c2ccc(F)cc2)c(-c2ccncc2)c(N2CCNCC2)n1C,1,pool
13.268531,2.1820943,CCOC(=O)c1c(-c2cc(F)cc(F)c2)c(-c2ccncc2)c(N2CCNCC2)n1C,1,labeled
12.954729,2.1660254,CC(C)NC(=O)c1c(-c2ccc(F)cc2)c(-c2ccncc2)c(N2CCNCC2)n1C,0,pool
13.192063,2.2461972,CNC(=O)c1c(-c2ccc(F)cc2)c(-c2ccncc2)c(N2CCNCC2)n1C,1,pool
13.157764,2.1685114,CCC(=O)c1c(-c2ccc(F)cc2)c(-c2ccncc2)c(N2CCNCC2)n1C,1,pool
1.5949005,-3.6551063,COc1cccc(C2NC(=O)NC(C)=C2c2nc(-c3ccc(C#N)cc3)cs2)c1,1,pool
1.6394522,-3.6100185,COc1ccc(-c2csc(C3=C(C)NC(=O)NC3c3cccc(O)c3)n2)cc1,0,pool
1.5655696,-3.6843064,CC1=C(c2nc(-c3ccc(C#N)cc3)cs2)C(c2cccc(O)c2)NC(=O)N1,1,pool
1.6491377,-3.5999238,CC1=C(c2nc(-c3cccc(O)c3)cs2)C(c2cccc(O)c2)NC(=O)N1,0,pool
1.5791298,-3.6703787,CC1=C(c2nc(-c3ccccc3)cs2)C(c2cccc(O)c2)NC(=O)N1,0,pool
1.6200821,-3.6295516,CC1=C(c2nc(-c3ccc(C#N)cc3)cs2)[C@H](c2cccc(O)c2)NC(=O)N1,0,pool
1.6341679,-3.6155996,COc1ccc(C2NC(=O)NC(C)=C2c2nc(-c3ccc(C#N)cc3)cs2)cc1,1,pool
1.6215572,-3.628387,COc1ccc(C2NC(=O)NC(C)=C2c2nc(-c3ccc(C#N)cc3)cs2)cc1O,1,pool
1.6297524,-3.6195555,CC1=C(c2nc(-c3ccc(C#N)cc3)cs2)C(c2ccc(O)cc2)NC(=O)N1,1,pool
1.5320444,-3.720716,CC1=C(c2nc(-c3ccc(C#N)cc3)cs2)C(c2cccc(OC(F)(F)F)c2)NC(=O)N1,0,pool
1.5602252,-3.6891687,CC1=C(c2nc(-c3ccc(C)cc3)cs2)C(c2cccc(O)c2)NC(=O)N1,0,pool
1.6164545,-3.6330256,CC1=C(c2nc(-c3ccc(C#N)cc3)cs2)[C@@H](c2cccc(O)c2)NC(=O)N1,1,pool
1.6191697,-3.6304276,CC1=C(c2nc(-c3cccc(C#N)c3)cs2)C(c2cccc(O)c2)NC(=O)N1C,0,labeled
8.514309,5.2165775,Nc1nc(N)c(F)c(-c2nc(-c3ccc(F)cc3)c(-c3ccncc3)s2)c1F,1,labeled
10.596295,8.936096,COc1ccc(CCC(=O)/C=C/CCc2cccnc2)cc1OC,0,pool
10.593715,8.906152,COc1ccc(CCC(=O)/C=C/CCc2cccnc2)c(OC)c1,0,pool
9.646195,-7.0955963,N=C(N)NCCC[C@H](NC(=O)[C@H](CCCNC(=N)N)NC(=O)[C@H](CCCNC(=N)N)NC(=O)[C@H](CCCNC(=N)N)NC(=O)[C@H](Cc1c[nH]c2ccccc12)NC(=O)[C@H](CCCNC(=N)N)NC(=O)[C@H](CCCNC(=N)N)NC(=O)[C@H](CCCNC(=N)N)NC(=O)[C@H](CCCNC(=N)N)NC(=O)[C@H](CCCNC(=N)N)NC(=O)[C@@H](N)Cc1c[nH]c2ccccc12)C(=O)N[C@@H](Cc1c[nH]c2ccccc12)C(N)=O,0,pool
3.4967155,13.128843,Cc1ccc(C(=O)NC2CC2)cc1NC(=O)c1cnn(-c2ccccc2)c1N,1,pool
9.907428,6.792024,Cc1c(-c2ccc(-c3ccccc3F)cc2)nc2ccc(F)cc2c1C(=O)O,0,pool
-21.438229,-0.8136311,O=C(O)c1cc(Br)cc(C(=O)/C=C/c2ccc3sccc3c2)c1O,0,pool
9.570164,-0.36504596,Cc1oc2ncn(CCCN3CCCCC3)c(=O)c2c1C(=O)Nc1ccc(S(N)(=O)=O)nc1,0,pool
8.107813,0.41421923,Cc1ccc(-c2c(C)noc2C)cc1S(=O)(=O)Nc1ccccc1,0,pool
-21.89614,0.21822317,COc1cc(C2=NN(C(C)=O)C(c3ccc(Br)cc3)C2)cc(OC)c1OC,0,pool
-21.711876,0.46838516,O=C1NCc2cc(NS(=O)(=O)c3ccc(F)c(Cl)c3)ccc2N1c1c(Cl)cccc1Cl,1,pool
-21.490435,-0.49636248,O=C1NCc2cc(NS(=O)(=O)c3cc(Cl)ccc3Cl)ccc2N1c1c(Cl)cccc1Cl,1,pool
-21.747627,0.61470205,O=C1NCc2cc(NS(=O)(=O)c3ccccc3Cl)ccc2N1c1c(Cl)cccc1Cl,1,pool
7.3141403,-0.09254583,O=C1NCc2cc(NS(=O)(=O)c3ccccc3)ccc2N1c1c(Cl)cccc1Cl,1,pool
7.19401,-2.0331893,Nc1ncnc2c1ncn2[C@@H]1CO[C@H](CO)C1,1,pool
5.855719,-3.5846899,C=C1C(=O)[C@@]23C(=O)OC[C@]4(C(=O)CCC(C)(C)[C@H]4C=O)[C@@H]2CC[C@@H]1[C@H]3OC(=O)CCC(=O)Oc1ccc(-c2cc(=S)ss2)cc1,0,pool
11.34097,2.0476487,CC(=O)NCc1cc(-c2cc3nc(NC4CC4)c4ncn(C)c4n3n2)ccc1F,1,pool
7.4764404,-0.01989096,CNc1nc2sc(SC)nc2c2c1ncn2C,1,pool
8.838054,2.2410061,CNC(=O)c1nc2c(nc(NC)c3ncn(C)c32)s1,1,pool
9.969957,-2.9408426,COc1c(C)c2c(c(O)c1C/C=C(\C)CCC(=O)NCCCNc1c3ccccc3nc3cccc([N+](=O)[O-])c13)C(=O)OC2,1,pool
5.9216695,-3.686791,C=C1C(=O)[C@@]23C(=O)OC[C@]4(C(=O)CCC(C)(C)[C@H]4C=O)[C@@H]2CC[C@@H]1[C@H]3OC(=O)CCCC(=O)Oc1ccc(-c2cc(=S)ss2)cc1,0,pool
9.071721,-2.2319458,CCC(=O)N[C@H]1C[C@@H](n2cnc3c(NC(CC)CC)nc(NCCc4cn(C(C)C)cn4)nc32)[C@H](O)[C@@H]1O,1,pool
9.171312,-2.2785501,CCC(=O)N[C@H]1C[C@@H](n2cnc3c(NC(CC)CC)nc(NCCc4cn(CC)cn4)nc32)[C@H](O)[C@@H]1O,1,pool
11.399575,2.4680352,COc1cc2c(cc1-c1cnco1)C(=O)N(C)C1(CCN(C(=O)Nc3ccccc3)C1)N2,0,pool
11.488692,2.3642805,COc1cc2c(cc1-c1cnco1)C(=O)N(C)C1(CCN(C(=O)N(C)c3ccccc3)C1)N2,1,pool
10.064002,7.3203163,Nc1ccc2c(-c3ccncc3)c(-c3ccc(F)cc3)[nH]c2n1,1,pool
10.468732,9.255372,COc1cc(/C=C/C(=O)/C=C/c2ccc(O)c(OC)c2)ccc1O,0,pool
10.81291,5.385614,O=C1NCCCc2[nH]c3c(ccc4cnc(/C=C/c5ccccc5)cc43)c21,1,pool
6.4592376,-3.0893989,CC(=O)N[C@H]1[C@@H](OCc2ccccc2)O[C@H](CO)[C@@H](O)[C@@H]1OCC(=O)N[C@@H](C(=O)N[C@H](CCC(=O)O)C(N)=O)C(C)C,0,pool
6.4313602,-3.038877,CC(=O)N[C@H]1[C@@H](OCc2ccccc2)O[C@H](CO)[C@@H](O)[C@@H]1OCC(=O)N[C@H](CO)C(=O)N[C@H](CCC(=O)O)C(N)=O,0,pool
6.4293933,-3.0729625,CC(=O)N[C@H]1[C@@H](OCc2ccccc2)O[C@H](CO)[C@@H](O)[C@@H]1O[C@H](C)C(=O)N[C@@H](C(=O)N[C@H](CCC(=O)O)C(N)=O)C(C)C,0,pool
6.4403834,-3.0598607,CC(=O)N[C@H]1[C@@H](OCc2ccccc2)O[C@H](CO)[C@@H](O)[C@@H]1OCC(=O)N[C@H](C)C(=O)N[C@H](CCC(=O)O)C(N)=O,0,pool
12.811604,2.7390342,Nc1cc(OCCCc2ccccc2)c2c(-c3ccncc3)c(-c3ccc(F)cc3)[nH]c2n1,1,pool
9.312653,0.43545723,CC(C)(C)c1cc(C(=O)N2CCNC(=O)C2)c(NC(=O)Nc2ccc3ccccc3c2)s1,1,pool
18.034882,-2.713464,CC1(C)OCC(CN2CCN(C(=O)c3cc(C(C)(C)C)sc3NC(=O)Nc3cccc(Cl)c3Cl)CCC2=O)O1,1,labeled
2.7560163,13.444517,Cc1ccc(C(=O)Nc2cc[nH]n2)cc1Nc1ncnc2c1cnn2-c1ccccc1,1,pool
-21.496593,-0.7609664,Clc1cc(Cl)c(C[N+]23CN4CN(CN(C4)C2)C3)cc1Cl,0,pool
-21.391655,-0.90526164,Brc1ccc(C[N+]23CN4CN(CN(C4)C2)C3)cc1,0,pool
9.733413,-2.4726217,C[C@@H]1CN(Cc2ccc(-c3cccc(Oc4ncc(F)cc4C(=O)N[C@H]4CC[C@@H](NC(=O)c5cc6ccccn6n5)CC4)c3)cc2)C[C@H](C)N1,1,pool
12.00159,3.9485397,COc1cc2c(cc1-c1c(C)noc1C)ncc1[nH]c(=O)n([C@@H](C)c3ccccn3)c12,1,pool
12.032985,3.9950302,COc1cc2c(cc1-c1c(C)noc1C)ncc1[nH]c(=O)n(Cc3ccccn3)c12,1,pool
11.92691,3.9690714,COc1cc2c(cc1-c1c(C)noc1C)ncc1[nH]c(=O)n([C@H](C)c3ccccn3)c12,1,pool
7.1323857,-1.22703,CCCC1=C(O)C(=O)C2=C(CCCC2)C1=O,0,pool
7.1787467,-1.2041781,CC(C)CCC1=C(O)C(=O)C2=C(CCCC2)C1=O,0,pool
7.1359334,-1.1330028,CC(C)CC1=C(O)C(=O)C2=C(CCCC2)C1=O,0,pool
11.115561,7.1228347,Oc1cc(-c2nc(NCc3ccc(F)c(F)c3)c3ccccc3n2)cc(O)c1O,1,pool
7.4709167,-0.36118686,COc1cc(-c2nc(NCc3ccc(Cl)c(Cl)c3)c3ccccc3n2)cc(OC)c1OC,1,pool
11.293794,7.3266587,COc1ccc(CNc2nc(-c3cc(OC)c(OC)c(OC)c3)nc3ccccc23)cc1,1,queried
11.26218,7.3096066,COc1cc(-c2nc(NCc3ccc(N)cc3)c3ccccc3n2)cc(OC)c1OC,1,labeled
11.250342,7.3208537,Nc1ccc(CNc2nc(-c3cc(O)c(O)c(O)c3)nc3ccccc23)cc1,1,labeled
11.291872,7.0873127,COc1cc(-c2nc(NCc3ccc(F)c(F)c3)c3ccccc3n2)cc(OC)c1OC,1,pool
7.012788,4.4580684,Cc1ccc(C(=O)Nc2ccon2)cc1NC(=O)c1cnc(NC(C)C)s1,1,pool
7.2295337,-2.4019892,[N-]=[N+]=N[C@H]1C[C@H](n2cnc3c(NC4CC4)nc(Cl)nc32)O[C@@H]1CO,0,pool
10.070495,0.67784023,COc1ccc(-c2cnc3nc(N)nc(N4CCN(C(=O)COc5ccc(Cl)cc5)CC4)c3n2)cc1OC,1,pool
13.267286,3.6578665,COc1ccc(-c2cnc3nc(N)nc(N4CCN(C(=O)COc5ccccc5)CC4)c3n2)cc1OC,1,pool
10.703155,3.7130573,O=C(c1ccc(/C=C/c2cc(-c3cc4c(=O)[nH]cnc4[nH]3)ccn2)cc1)N1CCOCC1,1,pool
3.6614332,14.059449,Cc1ccc(C(=O)NC2CC2)cc1Nc1ncnn2cc(C(=O)c3cc[nH]c3)c(C)c12,1,pool
3.6176379,14.100293,Cc1ccc(C(=O)NC2CC2)cc1Nc1ncnn2cc(C(=O)c3ccn(C)c3)c(C)c12,1,pool
9.600785,-2.4802203,Cc1ccc(O)c(C(=O)N[C@H]2CC[C@@H](NC(=O)c3cc(F)cnc3Oc3cccc(-c4ccc(CN5C[C@@H](C)N[C@@H](C)C5)cc4CN4CCOCC4)c3)CC2)c1,1,pool
10.276011,1.3999134,CONC(=O)c1ccc(C)c(Nc2nc(N3CCCN(C)CC3)nc(N(C)CC(C)(C)C)c2C#N)c1,1,pool
13.242108,2.229353,COC(=O)c1c(-c2ccc(F)cc2)c(-c2ccncc2)c(N2CCCC2)n1C,1,pool
12.991147,3.9262912,COc1ccc(-c2cnc3nc(N)nc(NC4CCCC4)c3n2)cc1OC,1,pool
8.857678,0.5056668,CC(C)Nc1cc(Nc2ncc(C#N)cc2Cl)ncc1C(=O)NC[C@@H](F)C(C)(C)O,1,labeled
5.320929,-2.605507,CC1=C[C@]2(C)C(=C(C)[C@@H]3[C@@H]4C[C@H](C)C[C@H](C)[C@H]4[C@H]4Oc5ccc(cc5)C[C@]5(O)NC(=O)/C(=C(/O)[C@H]2[C@@H]43)[C@@H]5O)[C@@H]1C,0,labeled
6.6772814,0.09223715,Cc1noc(C)c1Cn1cc(C)c2ccc(C(=O)Nc3c(Cl)cncc3Cl)cc21,1,pool
12.161279,2.6035707,CC1(C)OC2=C(C(=O)C(=O)c3ccccc32)C1Nc1ccccc1[N+](=O)[O-],0,pool
12.1892605,2.5540822,Cc1cc([N+](=O)[O-])ccc1NC1C2=C(OC1(C)C)c1ccccc1C(=O)C2=O,0,pool
12.208342,2.5083013,Cc1ccc([N+](=O)[O-])cc1NC1C2=C(OC1(C)C)c1ccccc1C(=O)C2=O,0,pool
9.345246,1.19272,C[C@H]1COC2=C1C(=O)C(=O)c1c2ccc2c1C(=O)CCC2(C)C,0,pool
10.504395,3.2683773,CNc1nc2[nH]c(-c3cccc(CNC(=O)C4CC4)n3)cc2c2c1ncn2C,1,pool
10.328417,2.8163302,CNc1nc2[nH]c(-c3cccc(CNC(=O)C4(C)CC4)n3)cc2c2c1ncn2C,1,pool
8.018218,0.14638749,O=C1NCc2cc(Nc3ccc(F)cc3F)ccc2N1c1c(Cl)cccc1Cl,1,pool
9.5003,-6.9432435,CC(=O)N[C@H]1[C@@H](OCc2ccccc2)O[C@H](CO)[C@@H](O)[C@@H]1O[C@H](C)C(=O)N1CCC[C@@H]1C(=O)N[C@H](CCC(=O)NCCNc1ncnc2c1ncn2[C@@H]1O[C@H](CO)[C@@H](O)[C@H]1O)C(N)=O,0,pool
9.517423,-6.9646187,CC(=O)N[C@H]1[C@@H](OCc2ccccc2)O[C@H](CO)[C@@H](O)[C@@H]1OCC(=O)N1CCC[C@@H]1C(=O)N[C@H](CCC(=O)NCCNc1ncnc2c1ncn2[C@@H]1O[C@H](CO)[C@@H](O)[C@H]1O)C(N)=O,0,pool
3.381207,14.176188,CCNC(=O)c1cn2ncnc(Nc3cc(NC(=O)c4ccc(C#N)cc4)ccc3C)c2c1C,1,pool
4.0880914,14.745912,COC[C@H](C)NC(=O)c1cn2ncnc(Nc3cc(NC(=O)c4ccc(C#N)cc4)ccc3C)c2c1C,1,pool
8.5310755,5.251256,Nc1nc(N)c(F)c(-c2nc(-c3ccc(F)cc3)c(-c3ccncc3)[nH]2)c1F,1,pool
8.536698,5.264281,Nc1nc(F)c(F)c(-c2nc(-c3ccc(F)cc3)c(-c3ccncc3)[nH]2)c1F,1,pool
7.6384106,1.1400785,Nc1nc(N)c(F)c(-c2nc(-c3cccc(C(F)(F)F)c3)c(-c3ccncc3)[nH]2)c1F,1,pool
7.4143467,0.41121024,CC(C)Nc1ncc(-c2cc(-c3ccccc3Cl)ncn2)s1,1,pool
9.998465,0.70935124,CCNC(=O)NCc1ccccc1-c1cc(-c2cnc(NC(C)C)s2)nc(NCCN(C)C)n1,1,pool
8.239925,-0.20913987,CC(C)Nc1ncc(-c2cc(-c3ccccc3Cl)nc(NCCN(C)C)n2)s1,1,pool
8.02355,-0.29871383,CC(C)Nc1ncc(-c2cc(-c3ccccc3Cl)nc(NCC(O)CO)n2)s1,1,pool
9.969218,0.7039935,CNC(=O)NCc1ccccc1-c1cc(-c2cnc(NC(C)C)s2)nc(NCCN(C)C)n1,1,pool
8.062954,-0.19271508,CC(C)Nc1ncc(-c2cc(-c3ccccc3Cl)nc(NCCO)n2)s1,1,pool
11.189686,3.8783941,Cc1ccnc2c1NC(=O)c1cccnc1N2C1CC1,1,pool
8.731555,1.8506446,CNc1nc2sc(C(=O)NCc3cccs3)nc2c2c1ncn2C,1,pool
8.159391,0.3394847,Clc1ccccc1-c1cc(-c2cnc(NC3CC3)s2)nc(-c2ccccn2)n1,1,pool
11.032524,5.032492,O=C1NCc2[nH]c3c(ccc4cnc(/C=C/c5ccc(CN6CCOCC6)cc5)cc43)c21,1,labeled
11.470441,2.1157098,COc1ccc(-c2ncc3c(n2)-c2[nH]c4c(c2CC3)C(=O)NCC42CN(C)C2)cc1,1,pool
11.57124,1.8933921,CN1CC2(CNC(=O)c3c2[nH]c2c3CCc3cnc(-c4cccc(F)c4)nc3-2)C1,1,pool
5.719446,-4.092775,Nc1ncnc2c1ncn2[C@@H]1O[C@H](COS(=O)(=O)NC(=O)[C@@H]2CCN2)[C@@H](O)[C@H]1O,1,pool
8.864903,2.4653091,CNc1nc2sc(-c3ccccc3)nc2c2c1ncn2C,1,labeled
8.915403,2.2922232,CNc1nc2sc(-c3cccc(CNC(C)=O)c3)nc2c2c1ncn2C,1,pool
8.907228,2.3113017,CNc1nc2sc(-c3cccc(C(C)NC(C)=O)c3)nc2c2c1ncn2C,1,pool
8.959072,2.167677,CCNc1nc2sc(-c3cccc([C@H](C)NC(C)=O)c3)nc2c2c1ncn2C,1,pool
8.944653,2.1772087,CC(=O)N[C@@H](C)c1cccc(-c2nc3c(nc(N(C)C)c4ncn(C)c43)s2)c1,1,pool
8.977424,2.2152026,CCNc1nc2sc(-c3cccc([C@@H](C)NC(C)=O)c3)nc2c2c1ncn2C,1,pool
8.94319,2.1167593,CCNc1nc2sc(-c3cccc(C(C)(C)NC(C)=O)c3)nc2c2c1ncn2C,1,pool
10.195109,0.86052495,CCNCC(=O)N[C@@H](C)c1cccc(-c2nc3c(nc(NCC)c4ncn(C)c43)s2)c1,1,pool
7.9590993,-0.15908204,CNc1nc2sc(-c3cccc(CNS(C)(=O)=O)c3)nc2c2c1ncn2C,1,pool
8.914402,2.352325,CNc1nc2sc(-c3ccc(CNC(C)=O)cc3)nc2c2c1ncn2C,1,pool
8.909855,2.280764,CNc1nc2sc(-c3cccc([C@H](C)NC(C)=O)c3)nc2c2c1ncn2C,1,pool
10.188868,0.8235882,CCNc1nc2sc(-c3cccc([C@H](C)NC(=O)COCC)c3)nc2c2c1ncn2C,1,pool
10.264681,0.8913664,CCNc1nc2sc(-c3cccc([C@H](C)NC(=O)CNC(C)=O)c3)nc2c2c1ncn2C,1,pool
8.850007,2.253232,CC(=O)N[C@@H](C)c1cccc(-c2nc3c(nc(N)c4ncn(C)c43)s2)c1,1,pool
8.895972,2.3205128,CNc1nc2sc(-c3cccc([C@@H](C)NC(C)=O)c3)nc2c2c1ncn2C,1,pool
-21.465456,-0.60458463,Cc1c2c(nn1CC(=O)NCc1ccccc1Br)-c1ccccc1S(=O)(=O)N2C,0,pool
9.718408,-0.14282385,Cc1ccc(CNC(=O)Cn2nc3c(c2C)N(C)S(=O)(=O)c2ccccc2-3)cc1,0,pool
9.479013,-0.54551,Cc1c2c(nn1CC(=O)NCc1ccccc1Cl)-c1ccccc1S(=O)(=O)N2C,0,labeled
9.723841,-0.11655947,COc1cccc(CNC(=O)Cn2nc3c(c2C)N(C)S(=O)(=O)c2ccccc2-3)c1,0,labeled
9.66943,-0.17660679,Cc1c2c(nn1CC(=O)NCc1ccccc1F)-c1ccccc1S(=O)(=O)N2C,0,pool
9.566478,-7.001934,CC(=O)N[C@H]1[C@@H](OCc2ccccc2)O[C@H](CO)[C@@H](O)[C@@H]1OCC(=O)N[C@@H](C)C(=O)N[C@H](CCC(=O)NCCCCCC(=O)Nc1ncnc2c1ncn2[C@@H]1O[C@H](CO)[C@@H](O)[C@H]1O)C(N)=O,0,pool
9.532951,-6.978493,CC(=O)N[C@H]1[C@@H](OCc2ccccc2)O[C@H](CO)[C@@H](O)[C@@H]1O[C@H](C)C(=O)N[C@@H](C)C(=O)N[C@H](CCC(=O)NCCCCCC(=O)Nc1ncnc2c1ncn2[C@@H]1O[C@H](CO)[C@@H](O)[C@H]1O)C(N)=O,0,pool
5.0324693,-2.4152977,C[C@@H]1C[C@@H]([C@H](O)CC2CC(=O)NC(=O)C2)C(=O)[C@@H](C)C1,1,pool
11.275641,2.654549,COc1cc(Nc2nc(N[C@H]3CCCC[C@H]3N)n3ncnc3c2C(N)=O)cc(OC)c1,1,pool
11.0371475,5.0334587,O=C1NCc2[nH]c3c(ccc4cnc(/C=C/c5cccc(CCN6CCOCC6)c5)cc43)c21,1,pool
9.982671,7.741693,NC1=Nc2cc(-c3ccccc3)ccc2CN1,1,pool
11.087528,4.9825106,O=C1NCc2[nH]c3c(ccc4cnc(-c5cncc(OCCN6CCOCC6)c5)cc43)c21,1,pool
10.267917,5.773223,CNc1nc2[nH]c(-c3ccc(F)cc3)cc2c2c1ncn2C,1,pool
10.355131,2.7946267,CNc1nc2[nH]c(-c3cccc(CNC(=O)CCOC)c3)cc2c2c1ncn2C,1,pool
10.439297,3.1625657,CNc1nc2[nH]c(-c3cccc(CNC(C)=O)c3)cc2c2c1ncn2C,1,pool
10.279101,5.8574743,CNc1nc2[nH]c(-c3ccccc3F)cc2c2c1ncn2C,1,pool
10.261466,5.7811317,CNc1nc2[nH]c(-c3cccc(F)c3)cc2c2c1ncn2C,1,pool
10.363197,2.8940475,CNc1nc2[nH]c(-c3cccc(CNC(=O)CO)c3)cc2c2c1ncn2C,1,pool
10.363613,2.8332083,CNc1nc2[nH]c(-c3cccc(CNC(=O)CCC(N)=O)c3)cc2c2c1ncn2C,1,labeled
10.283265,5.8848767,CNc1nc2[nH]c(-c3ccccc3)cc2c2c1ncn2C,1,pool
10.2715025,5.8320684,CNc1nc2[nH]c(-c3cccc(C#N)c3)cc2c2c1ncn2C,1,pool
10.289012,5.8006124,CNc1nc2[nH]c(-c3cccc(OC)c3)cc2c2c1ncn2C,1,pool
10.607406,3.638809,CNc1nc2[nH]c(-c3cccc(CN)c3)cc2c2c1ncn2C,1,labeled
3.4148862,12.932713,CCCCn1ncc(C(=O)Nc2cc(C(=O)Nc3ccon3)ccc2C)c1N,1,pool
-21.93923,0.16097693,C=C(Br)C(=O)Nc1cccc(/C=C/C(=O)Nc2ccc(N3CCOCC3)cc2)c1,1,pool
7.3759727,0.8223843,C[S+]([O-])c1ccc(-c2nc(-c3ccc(F)cc3)c(-c3ccncc3)[nH]2)cc1,1,pool
3.5179052,12.958426,CCCCn1ncc(C(=O)Nc2cc(C(=O)Nc3ccnn3C)ccc2C)c1N,1,pool
8.434641,1.2740864,CCNC(=O)NCc1ccccc1Sc1ccc2nnc(C(C)C)n2c1,1,pool
6.9332585,1.33634,Clc1ccc2c(NCCNCc3ccc(-c4cccnc4)s3)ccnc2c1,0,labeled
10.093003,1.166901,CC(C)Cn1c(=O)n(C)c(=O)c2c(SCCCO)n(Cc3cccc4ccccc34)cc21,1,pool
10.356236,3.6735797,CC(C)Cn1c(=O)n(C)c(=O)c2cn(Cc3cccc4ccccc34)cc21,1,pool
6.31529,-3.1393685,CC(=O)OC[C@]12[C@H](OC(C)=O)[C@H](OC(C)=O)[C@@H]3[C@@H](O)[C@@]14O[C@@]3(C)COC(=O)c1cccnc1[C@@H](C)[C@H](C)C(=O)O[C@@H]([C@H](OC(=O)c1ccccc1)[C@@H]2OC(C)=O)[C@]4(C)O,0,pool
11.283083,7.3251286,COc1cc(-c2nc(Cc3ccc4cn[nH]c4c3)c3ccccc3n2)cc(OC)c1OC,1,pool
10.797606,7.381523,Oc1cc(-c2nc(Cc3ccc4cn[nH]c4c3)c3ccccc3n2)cc(O)c1O,1,pool
9.94275,5.272149,CC1Cc2cnc3[nH]nc(N)c3c2-c2ccccc21,0,pool
9.724137,6.323955,CN(C)C(=O)Oc1ccc2c(CC(O)c3ccc(C#N)cc3)c(Cc3ccccc3)c(=O)oc2c1,0,pool
11.079281,4.9726014,O=C1NCc2[nH]c3c(ccc4cnc(-c5cccc(OCCN6CCOCC6)c5)cc43)c21,1,pool
4.1453743,14.806978,CCNC(=O)c1cn2ncnc(Nc3cc(NC(=O)c4cccc(N5CCCC5=O)c4)ccc3C)c2c1C,1,pool
9.337081,0.27707165,COc1nc(OC)nc(N2CCC(c3nc(C(=O)N4CCN(c5cccc(C(F)(F)F)c5)CC4)cs3)CC2)n1,0,labeled
9.986316,-2.9648676,COc1c(C)c2c(c(O)c1C/C=C(\C)CCC(=O)NCCCCCNc1c3ccccc3nc3cccc([N+](=O)[O-])c13)C(=O)OC2,1,pool
4.356935,13.751033,CONC(=O)c1ccc(C)c(Nc2ncnn3cc(C(=O)NCCN4CCOCC4)c(C)c23)c1,1,pool
6.9679093,4.4641757,CCCNc1ncc(C(=O)Nc2cc(C(=O)NCC)ccc2C)s1,1,pool
8.023654,-0.037906416,Cc1cccc(Cl)c1NC(=O)c1cnc(NC(C)C)s1,1,pool
6.9781027,4.4842353,CCCNc1ncc(C(=O)Nc2cc(C(=O)NC)ccc2C)s1,1,pool
6.9908423,4.468481,CCNC(=O)c1ccc(C)c(NC(=O)c2cnc(NC(C)C)s2)c1,1,pool
7.0059996,4.4775143,CNC(=O)c1ccc(C)c(NC(=O)c2cnc(NC(C)C)s2)c1,1,pool
7.0007796,4.4735684,CCCNc1ncc(C(=O)Nc2cc(C(N)=O)ccc2C)s1,1,pool
6.9817004,4.4773083,CC[C@H](C)Nc1ncc(C(=O)Nc2cc(C(=O)NC)ccc2C)s1,1,pool
7.021466,4.4729376,Cc1ccc(C(N)=O)cc1NC(=O)c1cnc(NC(C)C)s1,1,pool
3.4925008,14.035549,Cc1ccc(C(=O)NC2CC2)cc1Nc1ncnn2cc(C(=O)c3cccnc3)c(C)c12,1,pool
8.697421,-2.386204,NC(=O)CCNC[C@H](Cc1ccc(O)cc1)NC[C@H](Cc1ccc(O)cc1)NC[C@H](Cc1ccc(O)cc1)NC[C@H](Cc1ccc(O)cc1)NC[C@H](Cc1ccc(O)cc1)NC[C@@H](N)Cc1ccc(O)cc1,0,pool
7.3401666,-0.97024876,CC(C)C1=Cc2ccc3c(c2C(=O)C1=O)C(=O)CCC3(C)C,0,pool
3.4023566,12.943848,Cc1ccc(C(=O)Nc2ccon2)cc1Nc1nc(N)nc(NC(C)C)c1C#N,0,pool
10.437077,2.046722,CCn1ncc2c(NC3CCOCC3)c(C(=O)Nc3ccc(F)cc3)cnc21,1,pool
-21.948196,0.17935225,Clc1cc(C2=NNC(c3ccc(N4CCCCC4)cc3)C2)c(Cl)s1,0,pool
8.407288,1.2819145,Cc1cc(C2=NNC(c3ccc(N4CCCCC4)cc3)C2)c(C)s1,0,pool
7.1048155,-0.6760179,O=C(Nc1c(Cl)cncc1Cl)c1ccc(OC(F)F)c(OCC2CC2)c1,1,pool
11.550078,1.8313931,CN1CC2(CNC(=O)c3c2[nH]c2c3CCc3cnc(-c4cccc(F)c4)c(F)c3-2)C1,1,labeled
11.609002,1.9126583,CN1CC2(CNC(=O)c3c2[nH]c2c3CCc3cnc(-c4cccc(F)c4)cc3-2)C1,1,pool
11.414048,2.4714513,COc1ccc(-c2cc3c(cn2)CCc2c-3[nH]c3c2C(=O)NCC32CN(C)C2)cc1,1,pool
11.6769905,2.0677829,O=C1NCC2(CNC2)c2[nH]c3c(c21)CCc1cnc(-c2cccc(F)c2)cc1-3,1,pool
11.581459,2.0699565,O=C1NCC2(CNC2)c2[nH]c3c(c21)CCc1cnc(-c2ccccc2F)cc1-3,1,pool
11.512258,1.7757356,COc1ccc(-c2ncc3c(c2F)-c2[nH]c4c(c2CC3)C(=O)NCC42CN(C)C2)cc1F,1,pool
11.546056,1.93954,CN1CC2(CNC(=O)c3c2[nH]c2c3CCc3cnc(-c4ccccc4F)cc3-2)C1,1,pool
11.500873,1.9527647,CCN1CC2(CNC(=O)c3c2[nH]c2c3CCc3cnc(-c4ccccc4F)cc3-2)C1,1,pool
9.291596,-2.3094718,CC(=O)OC[C@H]1OC(Oc2cc(C)cc3c2C(=O)C=C(c2c(C)cc4c(c2O)C(=O)C=CC4=O)C3=O)[C@H](OC(C)=O)[C@@H](OC(C)=O)[C@@H]1OC(C)=O,0,pool
8.824651,1.7102935,CNc1nc2sc(-c3cccc(CNC(=O)c4csnn4)c3)nc2c2c1ncn2C,1,pool
9.89728,7.5991564,Fc1ccc(-c2nn3ccccc3c2-c2ccncc2)cc1,1,pool
11.484655,2.340629,CN1CCN(c2nc(C3=C(c4c[nH]c5ccccc45)C(=O)NC3=O)c3ccccc3n2)CC1,1,pool
11.335575,1.6380125,CN1CC2(CNC(=O)c3c2[nH]c2c3CCc3cnc(-c4ccc(OCCN5CCOCC5)cc4)cc3-2)C1,1,pool
12.031456,3.9870536,COc1cc2c(cc1-c1c(C)noc1C)ncc1[nH]c(=O)n(Cc3ccccc3)c12,1,pool
11.589131,3.8745034,COc1cc2c(cc1-c1c(C)noc1C)ncc1[nH]c(=O)n([C@H](C)c3ccccc3)c12,1,pool
12.184959,3.5957525,COc1cc(C)cc2c1C(=O)C=C(c1c(C)cc3c(c1OC)C(=O)C(Nc1ccc4ccccc4c1)=CC3=O)C2=O,0,pool
9.801831,9.337073,COc1ccc(Nc2cccnc2)cc1,0,pool
7.82235,-0.16338941,COc1ccc(C(=O)Cc2c(Cl)cncc2Cl)c(OCC(=O)Nc2ccccc2)c1OC,1,pool
7.838864,-0.20572156,COc1ccc(C(=O)Cc2c(Cl)cncc2Cl)c(OCC(=O)N(C)c2ccccc2)c1OC,1,pool
10.122213,8.675229,NNC(=O)c1ccncc1,0,pool
10.803974,3.6331997,CNc1nc2[nH]c(-c3cccc(CNC(=O)c4cnccn4)n3)cc2c2c1ncn2C,1,pool
7.508796,-0.50217974,COc1ccc(C(=O)Cc2c(Cl)cncc2Cl)c(OCCCc2ccccc2)c1OC,1,pool
10.388789,4.842764,CC1(N2C(=O)c3cccc(N)c3C2=O)CCC(=O)NC1=O,1,pool
10.400961,4.867258,Nc1cccc2c1C(=O)N([C@@H]1CCC(=O)NC1=O)C2=O,1,pool
10.359689,4.8481126,Cc1cccc2c1C(=O)N(C1CCC(=O)NC1=O)C2=O,1,pool
10.36098,4.866551,Nc1cccc2c1C(=O)N([C@H]1CCC(=O)NC1=O)C2=O,1,pool
10.316668,4.908443,O=C1CCC(N2C(=O)c3ccccc3C2=O)C(=O)N1,0,pool
10.36686,4.839834,Nc1cccc2c1C(=O)N(C1CCC(=O)NC1=O)C2=O,1,labeled
-21.535547,-0.30491304,CC1=C(c2nc(-c3ccc(C#N)cc3)cs2)C(c2ccc(Br)nc2)NC(=O)N1,1,pool
1.5399092,-3.7101982,CC1=C(c2nc(-c3ccc(C#N)cc3)cs2)C(c2ccc(F)nc2)NC(=O)N1,1,pool
1.5453377,-3.705939,CC1=C(c2nc(-c3ccc(C#N)cc3)cs2)C(c2ccc(Cl)nc2)NC(=O)N1,1,pool
1.552608,-3.6978421,CC1=C(c2nc(-c3ccc(C#N)cc3)cs2)C(c2cncc(F)c2)NC(=O)N1,1,pool
1.5960902,-3.6540601,COc1ccc(C2NC(=O)NC(C)=C2c2nc(-c3ccc(C#N)cc3)cs2)cn1,1,labeled
1.5409979,-3.7106166,CC1=C(c2nc(-c3ccc(C#N)cc3)cs2)C(c2cccnc2F)NC(=O)N1,1,labeled
12.835642,2.1446183,COC(=O)c1c(-c2ccc(F)cc2)c(-c2ccncc2)c(N(C)CCN2CCOCC2)n1C,1,pool
12.707095,2.1772056,COC(=O)c1c(-c2ccc(F)cc2)c(-c2ccncc2)c(NCCN2CCOCC2)n1C,1,pool
8.550219,5.2443986,Fc1ccc(-c2[nH]c(-c3c(F)c(F)nc(F)c3F)nc2-c2ccncc2)cc1,1,pool
-21.369753,-0.90631896,CCOC(=O)[C@H](C)NP(=O)(OC[C@H]1O[C@@H](n2cc(I)c3c(N)ncnc32)[C@](C)(F)[C@@H]1O)Oc1ccccc1,0,pool
-21.366234,-0.9382974,CCOC(=O)[C@H](C)NP(=O)(OC[C@H]1O[C@@H](n2cc(I)c3c(N)nc(N)nc32)[C@](C)(F)[C@@H]1O)Oc1ccccc1,0,pool
5.908197,-3.6525238,C=C1C(=O)[C@@]23C(=O)OC[C@]4([C@@H](OC(C)=O)CCC(C)(C)[C@H]4C=O)[C@@H]2CC[C@@H]1[C@H]3OC(=O)CCC(=O)Oc1ccc(-c2cc(=S)ss2)cc1,0,pool
9.549255,-2.4770951,Cc1cccc2nc(C(=O)N[C@H]3CC[C@@H](NC(=O)c4cc(F)cnc4Oc4cccc(-c5ccc(CN6CCC(N7CCCC7)CC6)cc5)c4)CC3)cn12,1,pool
9.488198,6.7649956,c1ccc(-c2cc3ccncc3cc2OC2CCNCC2)cc1,1,pool
10.550762,4.200204,COc1cc(C2=NN(C(C)=O)C(c3ccc4ccccc4c3)C2)cc(OC)c1OC,0,pool
9.275355,-0.01758757,N#Cc1ccc(-c2csc(N3N=C(c4ccc(N5CCCCC5)cc4)CC3c3ccc(Cl)cc3)n2)cc1,0,pool
7.2175097,1.1002316,N=C(N)Nc1ccc(-c2cccc(Cl)c2)cn1,0,pool
3.2758334,12.89096,Cc1ccc(C(=O)Nc2ccon2)cc1NC(=O)c1cnn(-c2ccccn2)c1N,1,pool
3.269752,12.877681,CCNc1c(C(=O)Nc2cc(C(=O)Nc3ccon3)ccc2C)cnn1-c1ccccn1,1,labeled
9.832859,6.4275904,CN(C)C(=O)Oc1ccc2c(-c3ccccn3)c(Cc3ccccc3)c(=O)oc2c1,0,pool
10.312649,-0.66369385,CCOc1cc(C(CS(C)(=O)=O)N2C(=O)c3cccc(OC)c3C2=O)ccc1OC,1,pool
10.248384,-0.6090791,CCOc1cc(C(CS(C)(=O)=O)N2C(=O)c3cccc(C)c3C2=O)ccc1OC,1,pool
10.2870655,-0.6393667,CCOc1cc(C(CS(C)(=O)=O)N2C(=O)c3cccc(N(C)C)c3C2=O)ccc1OC,1,pool
10.492404,7.2201166,CCOc1cc(C(CC(=O)OC)N2C(=O)c3ccccc3C2=O)ccc1OC,1,pool
10.527837,7.19226,COc1ccc(C(CC(N)=O)N2C(=O)c3ccccc3C2=O)cc1OC,0,pool
10.465138,7.292731,CCOc1cc(C(CC#N)N2C(=O)c3ccccc3C2=O)ccc1OC,1,labeled
10.316026,-0.6723786,CCOc1cc(C(CS(C)(=O)=O)N2C(=O)c3cccc(N)c3C2=O)ccc1OC,1,pool
10.287635,-0.6342199,CCOc1cc([C@H](CS(C)(=O)=O)N2C(=O)c3cccc(NC(C)=O)c3C2=O)ccc1OC,1,pool
10.579156,7.157612,CCOc1cc(C(CC#N)N2C(=O)c3cccc(NC(C)=O)c3C2=O)ccc1OC,1,pool
10.474271,7.2364902,CCOc1cc(C(CC(=O)O)N2C(=O)c3ccccc3C2=O)ccc1OC,0,pool
10.28234,-0.6320603,CCOc1cc(C(CS(C)(=O)=O)N2C(=O)c3cccc(NC(C)=O)c3C2=O)ccc1OC,1,pool
10.2971525,-0.64925456,CCOc1cc([C@@H](CS(C)(=O)=O)N2C(=O)c3cccc(NC(C)=O)c3C2=O)ccc1OC,1,pool
9.981807,-2.956177,COc1c(C)c2c(c(O)c1C/C=C(\C)CCC(=O)NCCNc1c3ccccc3nc3cccc([N+](=O)[O-])c13)C(=O)OC2,1,labeled
9.670496,-2.4381282,Cc1cc(C(=O)N[C@H]2CC[C@@H](NC(=O)c3cc(F)cnc3Oc3cccc(-c4ccc(CCN5CCC(N6CCCC6)CC5)cc4)c3)CC2)nn1C,1,pool
5.722827,-4.148712,Nc1ncnc2c1ncn2[C@@H]1O[C@H](COS(=O)(=O)NC(=O)[C@@H](N)Cc2cnc[nH]2)[C@@H](O)[C@H]1O,1,pool
8.778739,-2.4092145,NCCCC[C@@H](CN[C@H](CN[C@H](CN[C@H](CNCCC(N)=O)Cc1ccc(O)cc1)Cc1ccc(O)cc1)Cc1ccc(O)cc1)NC[C@H](Cc1ccc(O)cc1)NC[C@@H](N)Cc1ccc(O)cc1,0,pool
8.666942,-2.381876,C[C@@H](CN[C@H](CN[C@H](CN[C@H](CNCCC(N)=O)Cc1ccc(O)cc1)Cc1ccc(O)cc1)Cc1ccc(O)cc1)NC[C@H](Cc1ccc(O)cc1)NC[C@@H](N)Cc1ccc(O)cc1,0,pool
2.898283,13.291497,CNC(=O)c1ccc(C)c(Nc2ncnc3c2cnn3-c2ccccn2)c1,1,pool
3.7971833,13.998951,CC#CC(=O)c1cn2ncnc(Nc3cc(C(=O)NC4CC4)ccc3C)c2c1C,1,pool
3.7453208,13.971315,CNC(=O)c1cn2ncnc(Nc3cc(C(=O)NC4CC4)ccc3C)c2c1C,1,pool
4.3166723,13.737984,COCCNC(=O)c1cn2ncnc(Nc3cc(C(=O)NC4CC4)ccc3C)c2c1C,1,pool
4.2315516,13.802247,CCNC(=O)c1cn2ncnc(Nc3cc(C(=O)NC4CC4)ccc3C)c2c1C,1,pool
4.372831,13.819958,CC[C@H](C)NC(=O)c1cn2ncnc(Nc3cc(C(=O)NC4CC4)ccc3C)c2c1C,1,pool
4.3943224,13.746102,CCCCNC(=O)c1cn2ncnc(Nc3cc(C(=O)NC4CC4)ccc3C)c2c1C,1,pool
4.3302417,13.729797,CCCC(=O)c1cn2ncnc(Nc3cc(C(=O)NC4CC4)ccc3C)c2c1C,1,pool
4.317442,13.804934,CCCNC(=O)c1cn2ncnc(Nc3cc(C(=O)NC4CC4)ccc3C)c2c1C,1,pool
4.1014776,14.7217245,Cc1ccc(NC(=O)c2ccnc(N3CCOCC3)c2)cc1Nc1ncnn2cc(C(=O)N[C@@H](C)c3ccccc3)c(C)c12,1,pool
9.246378,5.2355723,CC(C)(N)CNc1nc(-c2ccncc2)cc2cnccc12,1,pool
10.678822,7.099587,NCCNc1nc(-c2ccc3[nH]ncc3c2)nc2ccccc12,1,pool
9.848813,9.314202,c1ccc2c(-c3ccncc3)c[nH]c2c1,0,pool
7.661166,0.93623394,COc1cc(NS(C)(=O)=O)ccc1Nc1c2ccccc2nc2ccccc12,0,pool
13.208938,3.747948,COc1ccc(-c2cnc3nc(N)nc(N4CCN(c5ccc(F)cc5)CC4)c3n2)cc1OC,1,pool
13.130134,3.805126,COc1ccc(-c2cnc3nc(N)nc(N4CCN(c5ccccc5)CC4)c3n2)cc1OC,1,pool
13.177632,3.7929535,COc1ccc(-c2cnc3nc(N)nc(N4CCN(c5ccc(C)cc5)CC4)c3n2)cc1OC,1,pool
8.899436,-0.023287192,COc1ccc(-c2cnc3nc(N)nc(N4CCN(c5cc(Cl)cc(Cl)c5)CC4)c3n2)cc1OC,1,pool
8.457716,1.329738,CC(=O)Nc1cccc(Cc2c(C)c3cc(Cl)c(OC(=O)N(C)C)cc3oc2=O)c1,1,labeled
-21.854332,0.109161995,Cc1c(Cc2ccccc2)c(=O)oc2cc(OC(=O)N(C)C)c(Br)cc12,1,pool
9.764324,5.763282,Cc1c(Cc2ccccc2)c(=O)oc2cc(OC(=O)N(C)C)c([N+](=O)[O-])cc12,1,labeled
7.3162985,1.2602396,Cc1c(Cc2ccccc2)c(=O)oc2cc(OC(=O)N(C)C)c(Cl)cc12,1,pool
9.803756,6.489376,Cc1c(Cc2ccccc2)c(=O)oc2c(C)c(OC(=O)N(C)C)ccc12,0,pool
9.672818,6.2773843,C=CCCC(O)Cc1c(Cc2ccccc2)c(=O)oc2cc(OC(=O)N(C)C)ccc12,0,pool
-21.400087,-0.90082633,Cc1c(Cc2ccccc2)c(=O)oc2cc(OC(=O)N(C)C)c(I)cc12,1,pool
9.769997,6.382658,Cc1c(Cc2ccccc2)c(=O)oc2cc(OC(=O)N(C)C)c(C(C)C)cc12,0,pool
9.858057,0.6125167,CCOC(=O)CC(=O)Nc1cccc(Cc2c(C)c3cc(Cl)c(OC(=O)N(C)C)cc3oc2=O)c1,1,pool
9.799512,6.4127364,Cc1c(Cc2ccccc2)c(=O)oc2cc(OC(=O)N(C)C)c(C#N)cc12,1,pool
9.835933,6.468832,Cc1cc2c(C)c(Cc3ccccc3)c(=O)oc2cc1OC(=O)N(C)C,1,pool
9.849442,6.4959598,COc1cc2c(C)c(Cc3ccccc3)c(=O)oc2cc1OC(=O)N(C)C,1,pool
9.673941,6.3372984,CCCc1c(Cc2ccccc2)c(=O)oc2cc(OC(=O)N(C)C)ccc12,1,pool
9.778089,6.388793,Cc1c(Cc2ccc(F)cc2)c(=O)oc2cc(OC(=O)N(C)C)ccc12,1,pool
9.723028,6.2856994,Cc1c(Cc2ccccc2)c(=O)oc2cc(OC(=O)N(C)C)cc(F)c12,1,pool
11.778896,2.5711124,CC(C)(NC(=O)c1cc2[nH]c3ccccc3c(=O)c2cc1F)c1cnc2c(c1)OCCN2,1,pool
10.617569,9.035777,O=C1C=CC(O)(c2cc(=O)cco2)C=C1,0,pool
7.286948,-0.60552925,CSc1ccc2c(c1)N(CCC1CCCCN1C)c1ccccc1S2,0,pool
3.4817371,13.982657,Cc1ccc(C(=O)NC2CC2)cc1Nc1ncnn2cc(C(=O)c3ccccc3)c(C)c12,1,pool
7.3576283,-0.56505835,Nc1ccn([C@H]2S[C@@H](CO)[C@@H]2CO)c(=O)n1,0,pool
6.872385,1.3269166,Fc1ccc(-c2ccc(CNCCNc3ccnc4cc(Cl)ccc34)s2)cc1,0,pool
6.843097,1.3463577,Clc1ccc2c(NCCNCc3ccc(-c4ccccc4)s3)ccnc2c1,0,pool
6.8731136,1.3461018,N#Cc1ccc(-c2ccc(CNCCNc3ccnc4cc(Cl)ccc34)s2)cc1,0,pool
10.405367,2.112296,COc1ccc(C(=O)NCCn2cc(C(=O)N[C@@H](CC(C)C)B(O)O)nn2)c(OC)c1OC,1,pool
10.710524,3.5638692,CNc1nc2[nH]c(-c3cccc(CN(C)C(C)=O)n3)cc2c2c1ncn2C,1,pool
10.496324,2.788431,CNc1nc2[nH]c(-c3cccc(CNC(=O)CCOC)n3)cc2c2c1ncn2C,1,pool
10.384901,2.9881442,CNCC(=O)NCc1cccc(-c2cc3c(nc(NC)c4ncn(C)c43)[nH]2)n1,1,pool
10.301314,2.885359,CNc1nc2[nH]c(-c3cccc(CNC(=O)C(C)(C)O)n3)cc2c2c1ncn2C,1,pool
10.640096,3.4677029,CNc1nc2[nH]c(-c3cccc(NCCOC)n3)cc2c2c1ncn2C,1,pool
10.730582,3.515139,CNC(=O)N(C)Cc1cccc(-c2cc3c(nc(NC)c4ncn(C)c43)[nH]2)n1,1,pool
10.335226,2.7847626,CNc1nc2[nH]c(-c3cccc(CNC(=O)CC(C)C)n3)cc2c2c1ncn2C,1,pool
10.273953,2.8881834,CNc1nc2[nH]c(-c3cccc(CNC(=O)C(C)(C)C)n3)cc2c2c1ncn2C,1,pool
10.640392,3.5791018,CCC(=O)NCc1cccc(-c2cc3c(nc(NC)c4ncn(C)c43)[nH]2)n1,1,pool
10.671645,3.6363158,CNc1nc2[nH]c(-c3cccc(CNC(C)=O)n3)cc2c2c1ncn2C,1,pool
10.652122,3.5157843,CNc1nc2[nH]c(-c3cccc(CNC(=O)CO)n3)cc2c2c1ncn2C,1,pool
10.638032,3.399843,CNc1nc2[nH]c(-c3cccc(CN(C)C(=O)COC)n3)cc2c2c1ncn2C,1,pool
10.335139,2.8305864,CNc1nc2[nH]c(-c3cccc(CNC(=O)CCN(C)C)n3)cc2c2c1ncn2C,1,pool
1.6564693,-3.5924656,CC1=C(c2nc(-c3ccc4ccccc4c3)cs2)C(c2cccc(O)c2)NC(=O)N1,0,pool
10.350321,2.2987177,CCn1ncc2c(NC3CCOCC3)c(C(=O)NCc3ccccc3)cnc21,1,pool
11.275216,2.578726,COc1cc(Nc2nc(N[C@H]3CCCC[C@H]3N)n3nc(-c4ccccc4)nc3c2C(N)=O)cc(OC)c1,1,pool
5.5950437,-3.0738046,C[C@@H]1[C@H](O)[C@@H](C)/C=C/C=C/C=C/C=C/C=C/C=C/C=C/[C@H](O[C@@H]2O[C@H](C)[C@@H](O)[C@H](N)[C@@H]2O)C[C@@H]2O[C@](O)(C[C@@H](O)C[C@@H](O)[C@H](O)CC[C@@H](O)C[C@@H](O)CC(=O)O[C@H]1C)C[C@H](O)[C@H]2C(=O)O,0,pool
10.288999,5.9567695,CNc1nc2c(nc(-c3ccccc3)n2C)c2c1ncn2C,1,pool
5.020018,-2.414353,CCCC1O[C@@H]2C[C@H]3[C@@H]4CCC5=CC(=O)C=C[C@]5(C)[C@H]4[C@@H](O)C[C@]3(C)[C@]2(C(=O)CO)O1,1,pool
-21.933136,0.25554606,O=C1CCC(c2ccccc2)(C2CCN(Cc3ccc(Br)cc3)CC2)C(=O)N1,1,pool
8.152925,0.311433,Cc1cc(Nc2ncc(C(=O)Nc3c(C)cccc3Cl)s2)nc(C)n1,1,pool
4.1951065,13.509925,CCn1nccc1NC(=O)c1ccc(C)c(Nc2ncnc(NC3CCCC3)c2C#N)c1,0,pool
4.218396,13.372434,CCn1nccc1NC(=O)c1ccc(C)c(Nc2nc(N)nc(NC3CCCC3)c2C#N)c1,0,pool
9.438015,5.7022147,Cc1c(C(=O)c2ccno2)c(S)nn1-c1ccccc1,0,pool
7.0830765,1.5146799,CCCCCCc1c(C)c2ccc(OC(=O)N(C)C)cc2oc1=O,0,pool
7.0373116,1.5185379,CCCCc1c(C)c2ccc(OC(=O)N(C)C)cc2oc1=O,0,pool
7.0438585,1.5687304,CCCCCc1c(C)c2ccc(OC(=O)N(C)C)cc2oc1=O,0,pool
9.962873,5.170165,c1ccc2c(N3CCNCC3)nc(-c3ccc4[nH]ncc4c3)nc2c1,1,pool
2.9465065,13.224342,Cc1ccc(C(=O)Nc2ccon2)cc1Nc1ncnc2c1cnn2-c1ccccc1,1,pool
9.20158,1.9978617,COc1ccc2c(c1)C(c1ccc(Cl)cc1)=N[C@@H](CC(=O)Nc1ccccn1)c1nnc(C)n1-2,1,pool
5.868474,-3.7282457,C=C1C(=O)[C@@]23C(=O)OC[C@]4(C(=O)CCC(C)(C)[C@H]4C=O)[C@@H]2CC[C@@H]1[C@H]3OC(=O)c1ccccc1C(=O)Oc1ccc(-c2cc(=S)ss2)cc1,0,pool
8.371165,0.8322834,NCC1(c2cccc(-c3ccnc4[nH]nc(C(F)(F)F)c34)c2)CCC1,1,labeled
9.452748,4.3347545,NCC1(c2cccc(-c3ccnc4[nH]ncc34)c2)CCC1,1,pool
8.348369,0.87281644,Cc1cc(-c2ccnc3[nH]nc(C(F)(F)F)c23)cc(C2(CN)CCC2)c1,1,pool
6.9477563,-2.3259764,C=C1C(=O)O[C@@H]2C3=C[C@H]4OO[C@]3(CC[C@@H]12)C(C)(C)C4=O,0,pool
6.9387083,-2.318925,C=C1C(=O)O[C@@H]2C3=C[C@@H]4OO[C@@]3(CC[C@@H]12)C(C)(C)C4=O,0,pool
6.849422,1.1450716,Clc1ccc2c(NCCNCc3ccc(-c4ccnc(Cl)n4)s3)ccnc2c1,0,pool
11.305863,6.9205713,COc1cc(C)cc2c1C(=O)C=C(c1c(C)cc3c(c1OC)C(=O)C=CC3=O)C2=O,0,pool
9.971699,6.6961026,Cc1cc(O)c2c(c1)C(=O)C(c1c(C)cc3c(c1O)C(=O)C=CC3=O)=CC2=O,0,pool
12.104351,2.641565,COc1cc(C)cc2c1C(=O)C=C(c1c(C)cc3c(c1OC)C(=O)C(SCCO)=CC3=O)C2=O,0,pool
12.169809,3.1314504,CCOC(=O)CNC1=CC(=O)c2cc(C)c(C3=CC(=O)c4c(OC)cc(C)cc4C3=O)c(OC)c2C1=O,0,pool
12.16181,3.569826,COc1cc(C)cc2c1C(=O)C(N)=C(c1c(C)cc3c(c1OC)C(=O)C(N)=CC3=O)C2=O,0,pool
12.181435,3.1717777,CCOc1cc(C)cc2c1C(=O)C=C(c1c(C)cc3c(c1OCC)C(=O)C(NCCO)=CC3=O)C2=O,0,pool
12.141215,3.444889,COc1cc(C)cc2c1C(=O)C=C(c1c(C)cc3c(c1OC)C(=O)C(NC(C)=O)=CC3=O)C2=O,0,pool
11.274197,6.8080835,CCOc1cc(C)cc2c1C(=O)C=C(c1c(C)cc3c(c1OCC)C(=O)C=CC3=O)C2=O,0,pool
12.237779,3.2897446,COc1cc(C)cc2c1C(=O)C=C(c1c(C)cc3c(c1OC)C(=O)C(NCCO)=CC3=O)C2=O,0,pool
10.580297,8.988993,O=C1c2ccccc2C(=O)C1C(=O)C(c1ccccc1)c1ccccc1,0,pool
12.8464575,2.17309,COC(=O)c1c(-c2ccc(F)cc2)c(-c2ccncc2)c(NCCN2CCCCC2)n1C,1,pool
5.854863,-3.5751357,C=C1C(=O)[C@]23[C@H](OC(=O)CCCC(=O)Oc4ccc(-c5cc(=S)ss5)cc4)[C@H]1CC[C@H]2[C@@]12CO[C@]3(O)[C@@H](O)[C@@H]1C(C)(C)CCC2=O,0,pool
9.58133,-2.4704068,Cc1cc(C(=O)N[C@H]2CC[C@@H](NC(=O)c3cc(F)cnc3Oc3cccc(-c4cc(O)cc(CN5C[C@@H](C)N[C@@H](C)C5)c4)c3)CC2)nn1C,1,pool
9.59708,-2.4848282,Cc1cc(C(=O)N[C@H]2CC[C@@H](NC(=O)c3cc(F)cnc3Oc3cccc(-c4ccc(O)c(CN5C[C@@H](C)N[C@@H](C)C5)c4)c3)CC2)nn1C,1,pool
9.73106,-2.4472919,Cc1cc(C(=O)N[C@H]2CC[C@@H](NC(=O)c3cc(F)cnc3Oc3cccc(-c4cccc(CN5C[C@@H](C)N[C@@H](C)C5)c4)c3)CC2)nn1C,1,pool
9.625108,-2.5148218,Cc1cc(C(=O)N[C@H]2CC[C@@H](NC(=O)c3cc(F)cnc3Oc3cccc(-c4cccc(CN5C[C@@H](C)N[C@@H](C)C5)c4O)c3)CC2)nn1C,1,pool
9.770675,7.193959,Cc1nc2ccccc2n1CC(=O)NN,0,pool
6.8477516,-1.2804366,COc1c(C)c2c(c(O)c1C/C=C(\C)CCC(=O)O)C(=O)OC2,1,pool
6.7634854,-1.4133123,COc1c(C)c2c(c(O)c1C/C=C(\C)CCC(=O)N[C@H](CC(C)C)C(=O)O)C(=O)OC2,0,pool
6.7811685,-1.3764553,COC(=O)[C@@H](NC(=O)CC/C(C)=C/Cc1c(O)c2c(c(C)c1OC)COC2=O)C(C)C,1,pool
6.7975264,-1.3853925,COc1c(C)c2c(c(O)c1C/C=C(\C)CCC(=O)N[C@@H](CC(C)C)C(=O)O)C(=O)OC2,0,pool
6.8046474,-1.3645579,COC(=O)[C@@H](CC(C)C)NC(=O)CC/C(C)=C/Cc1c(O)c2c(c(C)c1OC)COC2=O,1,pool
6.8713202,-1.335655,COC(=O)[C@H](NC(=O)CC/C(C)=C/Cc1c(O)c2c(c(C)c1OC)COC2=O)C(C)C,1,pool
6.830328,-1.3280064,COc1c(C)c2c(c(O)c1C/C=C(\C)CCC(=O)N[C@H](C)C(=O)O)C(=O)OC2,1,pool
6.726272,-1.4338839,COC(=O)CC[C@H](NC(=O)CC/C(C)=C/Cc1c(O)c2c(c(C)c1OC)COC2=O)C(=O)OC,1,pool
6.7210145,-1.4687784,COC(=O)CC[C@@H](NC(=O)CC/C(C)=C/Cc1c(O)c2c(c(C)c1OC)COC2=O)C(=O)OC,1,pool
6.7608485,-1.3295947,COc1c(C)c2c(c(O)c1C/C=C(\C)CCC(=O)NCC(=O)O)C(=O)OC2,0,pool
6.7680116,-1.346145,COC(=O)CNC(=O)CC/C(C)=C/Cc1c(O)c2c(c(C)c1OC)COC2=O,1,pool
9.65325,1.3170524,Nc1nc(Cc2ccc(Cl)cc2)cc(C2CCN(C(=O)c3ccc4c(c3)OCO4)CC2)n1,0,pool
9.545711,1.4826914,CC(C)=CCC1=C(OC2(CC=C(C)C)C(=O)C(=O)c3ccccc3C2=O)C(=O)c2ccccc2C1=O,0,pool
5.769146,-4.1641064,C=C(C)CC(N)C(=O)NS(=O)(=O)OC[C@H]1O[C@@H](n2cnc3c(N)ncnc32)[C@H](O)[C@@H]1O,1,pool
5.803799,-4.167093,CSCC[C@H](N)C(=O)NS(=O)(=O)OC[C@H]1O[C@@H](n2cnc3c(N)ncnc32)[C@H](F)[C@@H]1O,1,pool
7.5365143,-2.072113,C=CCNc1ncnc2c1ncn2[C@H]1C[C@H](N=[N+]=[N-])[C@@H](CO)O1,0,pool
5.8322997,-4.142114,Nc1ncnc2c1ncn2[C@@H]1O[C@H](COS(=O)(=O)NC(=O)[C@@H](N)CS)[C@@H](O)[C@H]1O,1,pool
7.029224,-2.3047385,[N-]=[N+]=N[C@H]1C[C@H](n2cnc3c(N)nc(F)nc32)O[C@@H]1CO,0,labeled
7.16828,-2.3949018,[N-]=[N+]=N[C@@H]1C[C@@H](n2cnc3c(Cl)ncnc32)O[C@H]1CO,0,pool
7.1750474,-2.3670578,[N-]=[N+]=N[C@@H]1C[C@@H](n2cnc3c(Cl)nc(N)nc32)O[C@H]1CO,0,pool
5.7458863,-4.1483307,NCC(=O)NS(=O)(=O)OC[C@H]1O[C@@H](n2cnc3c(N)ncnc32)[C@H](O)[C@@H]1O,1,pool
5.788414,-4.1199574,NC(=O)CC[C@H](N)C(=O)NS(=O)(=O)OC[C@H]1O[C@@H](n2cnc3c(N)ncnc32)[C@H](O)[C@@H]1O,1,pool
5.8561463,-4.0489993,NCCCC[C@H](N)C(=O)NS(=O)(=O)OC[C@H]1O[C@@H](n2cnc3c(N)ncnc32)[C@H](O)[C@@H]1O,1,pool
5.813377,-4.181354,[N-]=[N+]=N[C@@H]1C[C@@H](n2cnc3c(Cl)nc(Cl)nc32)O[C@H]1CO,0,pool
5.7709103,-4.2123666,C[C@H](N)C(=O)NS(=O)(=O)OC[C@H]1O[C@@H](n2cnc3c(N)ncnc32)[C@H](F)[C@@H]1O,1,pool
7.085917,-2.3668582,[N-]=[N+]=N[C@H]1C[C@H](n2cnc3c(Cl)ncnc32)O[C@@H]1CO,0,pool
7.3877873,-2.1073563,COc1nc(N)nc2c1ncn2[C@H]1C[C@H](N=[N+]=[N-])[C@@H](CO)O1,0,pool
5.768356,-4.2107525,CC(C)C[C@H](N)C(=O)NS(=O)(=O)OC[C@H]1O[C@@H](n2cnc3c(N)ncnc32)[C@H](F)[C@@H]1O,1,pool
7.185594,-2.3765345,[N-]=[N+]=N[C@H]1C[C@H](n2cnc3c(N)nc(Cl)nc32)O[C@@H]1CO,0,pool
7.0620217,-2.319126,Nc1nc(F)nc2c1ncn2[C@@H]1O[C@H](CO)[C@@H](O)[C@@H]1O,0,pool
7.275012,-2.1359746,COc1nc(N)c2ncn([C@H]3C[C@H](N=[N+]=[N-])[C@@H](CO)O3)c2n1,0,pool
5.8291016,-4.0885534,CSCC[C@H](N)C(=O)NS(=O)(=O)OC[C@H]1O[C@@H](n2cnc3c(N)ncnc32)[C@H](O)[C@@H]1O,1,pool
5.7694087,-4.1524415,NC(=O)C[C@H](N)C(=O)NS(=O)(=O)OC[C@H]1O[C@@H](n2cnc3c(N)ncnc32)[C@H](O)[C@@H]1O,1,pool
7.6770325,-2.0403934,CCNC(=O)[C@H]1O[C@@H](n2cnc3c(N)ncnc32)[C@H](O)[C@@H]1O,1,pool
6.981747,-2.2890735,[N-]=[N+]=N[C@H]1C[C@H](n2cnc3c(N)ncnc32)O[C@@H]1CO,0,labeled
5.767467,-4.165936,N=C(N)NCCC[C@H](N)C(=O)NS(=O)(=O)OC[C@H]1O[C@@H](n2cnc3c(N)ncnc32)[C@H](O)[C@@H]1O,1,pool
7.126509,-2.2295787,[N-]=[N+]=N[C@H]1C[C@H](n2cnc3c(O)nc(N)nc32)O[C@@H]1CO,0,pool
6.9919267,-2.1919365,[N-]=[N+]=N[C@H]1C[C@H](n2cnc3c(N)nc(N)nc32)O[C@@H]1CO,0,pool
7.0450277,-2.2862737,Nc1ncnc2c1ncn2[C@@H]1O[C@H](CO)[C@@H](O)[C@H]1O,0,pool
9.981234,1.848823,CC(C)Nc1cc(Nc2ncc(C#N)cn2)ncc1C(=O)NC[C@@H](F)C(C)(C)O,1,pool
7.293867,-0.7288526,CC(C)CC(=O)c1ccc(OC(F)F)c(OC2CCCC2)c1,1,pool
6.9234757,-2.323547,C=C1C(=O)O[C@@H]2C3=C(C)C(=O)C[C@H]3[C@](C)(OC(C)=O)CC[C@@H]12,0,labeled
-21.759462,0.085288145,Cc1ccc([Se]C2CC3=C(OC2(C)C)c2ccccc2C(=O)C3=O)cc1,0,pool
12.172145,2.5425096,O=C1C=C(n2cc(CNC3=C(Cl)C(=O)c4ccccc4C3=O)nn2)C(=O)c2ccccc21,0,pool
11.558076,1.8333131,CN1CC2(CNC(=O)c3c2[nH]c2c3CCc3cnc(-c4ccc(F)nc4)nc3-2)C1,1,pool
5.9341283,-3.2067997,CSc1cccc(Sc2ccc([C@@H]3O[C@@H]4C[C@H]5[C@@H]6C[C@H](F)C7=CC(=O)C=C[C@]7(C)[C@@]6(F)[C@@H](O)C[C@]5(C)[C@]4(C(=O)CO)O3)cc2)c1,1,pool
9.397736,-0.55403423,CC(C)Cn1c(=O)n(C)c(=O)c2c(SCCCO)c(Cc3ccccc3C(F)(F)F)sc21,1,pool
9.979475,-2.9558303,COc1c(C)c2c(c(O)c1C/C=C(\C)CCC(=O)NCCCCNc1c3ccccc3nc3cccc([N+](=O)[O-])c13)C(=O)OC2,1,pool
3.5852954,14.10358,Cc1ccc(C(=O)NC2CC2)cc1Nc1ncnn2cc(C(=O)c3ccco3)c(C)c12,1,pool
9.553645,-6.999725,CC[C@@H](NC(=O)[C@@H](C)O[C@H]1[C@H](O)[C@@H](CO)O[C@H](OCc2ccccc2)[C@@H]1NC(C)=O)C(=O)N[C@H](CCC(=O)NCCNc1ncnc2c1ncn2[C@@H]1O[C@H](CO)[C@@H](O)[C@H]1O)C(N)=O,0,pool
9.574491,-7.0184903,CC(=O)N[C@H]1[C@@H](OCc2ccccc2)O[C@H](CO)[C@@H](O)[C@@H]1O[C@H](C)C(=O)N[C@H](CO)C(=O)N[C@H](CCC(=O)NCCNc1ncnc2c1ncn2[C@@H]1O[C@H](CO)[C@@H](O)[C@H]1O)C(N)=O,0,pool
9.507253,-6.954635,CC(=O)N[C@H]1[C@@H](OCc2ccccc2)O[C@H](CO)[C@@H](O)[C@@H]1OCC(=O)N[C@H](CO)C(=O)N[C@H](CCC(=O)NCCNc1ncnc2c1ncn2[C@@H]1O[C@H](CO)[C@@H](O)[C@H]1O)C(N)=O,0,pool
9.582338,-7.028913,CC(=O)N[C@H]1[C@@H](OCc2ccccc2)O[C@H](CO)[C@@H](O)[C@@H]1OCC(=O)N[C@@H](C(=O)N[C@H](CCC(=O)NCCNc1ncnc2c1ncn2[C@@H]1O[C@H](CO)[C@@H](O)[C@H]1O)C(N)=O)C(C)C,0,labeled
9.60066,-6.9358625,CC(=O)N[C@H]1[C@@H](OCc2ccccc2)O[C@H](CO)[C@@H](O)[C@@H]1O[C@H](C)C(=O)N[C@H](C(=O)N[C@H](CCC(=O)NCCNc1ncnc2c1ncn2[C@@H]1O[C@H](CO)[C@@H](O)[C@H]1O)C(N)=O)C(C)C,0,pool
9.535176,-7.0129213,CC[C@@H](NC(=O)CO[C@H]1[C@H](O)[C@@H](CO)O[C@H](OCc2ccccc2)[C@@H]1NC(C)=O)C(=O)N[C@H](CCC(=O)NCCNc1ncnc2c1ncn2[C@@H]1O[C@H](CO)[C@@H](O)[C@H]1O)C(N)=O,0,pool
9.565452,-7.0057817,CC(=O)N[C@H]1[C@@H](OCc2ccccc2)O[C@H](CO)[C@@H](O)[C@@H]1O[C@H](C)C(=O)N[C@@H](C(=O)N[C@H](CCC(=O)NCCNc1ncnc2c1ncn2[C@@H]1O[C@H](CO)[C@@H](O)[C@H]1O)C(N)=O)C(C)C,0,pool
9.485867,-6.943406,CC(=O)N[C@H]1[C@@H](OCc2ccccc2)O[C@H](CO)[C@@H](O)[C@@H]1O[C@H](C)C(=O)N[C@H](C)C(=O)N[C@H](CCC(=O)NCCNc1ncnc2c1ncn2[C@@H]1O[C@H](CO)[C@@H](O)[C@H]1O)C(N)=O,0,pool
9.545783,-6.9947543,CC(=O)N[C@H]1[C@@H](OCc2ccccc2)O[C@H](CO)[C@@H](O)[C@@H]1OCC(=O)N[C@H](C)C(=O)N[C@H](CCC(=O)NCCNc1ncnc2c1ncn2[C@@H]1O[C@H](CO)[C@@H](O)[C@H]1O)C(N)=O,0,pool
5.74119,-4.2032495,CCOC(=O)[C@H](C)NP(=O)(OC[C@@H]1O[C@H](n2cnc3c(Cl)nc(N)nc32)C[C@H]1N=[N+]=[N-])Oc1ccccc1,0,pool
5.685323,-4.1138506,CCOC(=O)[C@H](C)NP(=O)(OC[C@@H]1O[C@H](n2cnc3c(Cl)ncnc32)C[C@H]1N=[N+]=[N-])Oc1ccccc1,0,pool
10.309667,2.8740652,CNc1nc2[nH]c(-c3cccc(C4(NC(C)=O)CC4)n3)cc2c2c1ncn2C,1,pool
9.88505,0.59731287,CCN1/C(=C\C=C\c2sc3cc4c(cc3[n+]2CC)sc(/C=C/C=C2\N(CC)c3ccccc3C2(C)C)[n+]4CC)C(C)(C)c2ccccc21,0,pool
7.432508,-0.025021115,NC(=O)c1cc(-c2ccc(Cl)cc2)cc(-c2ccc(S(N)(=O)=O)cc2)c1N,1,pool
13.232935,2.2324333,Cn1c(C(=O)c2ccccc2)c(-c2ccc(F)cc2)c(-c2ccncc2)c1N1CCNCC1,1,pool
3.9004152,13.367493,CCn1nccc1NC(=O)c1ccc(C)c(Nc2nc(N)nc(NC(C)C)c2C#N)c1,0,pool
3.716209,13.5098505,CCn1nccc1NC(=O)c1ccc(C)c(Nc2ncnc(NC(C)C)c2C#N)c1,0,labeled
10.055014,4.647515,Cn1cc(C#N)c2ccc(NC(=O)NOCc3ccccc3)cc21,0,pool
13.033036,3.370932,CC1(C)OC2=C(C(=O)C(=O)c3ccccc32)C1n1cc(CNC2=CC(=O)c3ccccc3C2=O)nn1,1,labeled
18.078075,-2.6534538,CC1(C)OC2=C(C(=O)C(=O)c3ccccc32)C1n1cc(CNC2=C(Br)C(=O)c3ccccc3C2=O)nn1,1,pool
4.3911457,13.29626,COc1cc2c(NC3CCCCC3)c(C(N)=O)cnc2cc1-c1c(C)noc1C,1,pool
4.387029,13.568686,CNC(=O)c1ccc(C)c(Nc2nc(OCCN3CCCC3)nc3c2cnn3-c2ccccc2)c1,1,pool
3.0880075,14.033521,Cc1ccc(NC(=O)c2ccncc2)cc1Nc1ncnn2cc(C(=O)N[C@@H](C)c3ccccc3)c(C)c12,1,pool
11.910565,2.2637882,O=C1NC2(CC2)Cc2[nH]c3c(c21)CCc1cnc(-c2ccccc2F)cc1-3,1,pool
11.789695,2.16584,O=C1NC2(CC2)Cc2[nH]c3c(c21)CCc1cnc(-c2cccc(F)c2)cc1-3,1,pool
11.377745,3.2658505,COc1ccc(-c2cc3c(cn2)CCc2c-3[nH]c3c2C(=O)NC2(CC2)C3)cc1,1,pool
3.2054136,12.940074,Cc1ccc(C(=O)Nc2ccnn2C)cc1NC(=O)c1cnn(-c2ccccc2)c1N,1,pool
3.5509772,12.919255,CCn1nccc1NC(=O)c1ccc(C)c(NC(=O)c2cnn(-c3ccccc3F)c2N)c1,1,pool
3.4182303,12.90115,CCn1nccc1NC(=O)c1ccc(C)c(NC(=O)c2cnn(-c3ccccc3)c2N)c1,1,pool
3.5678973,12.941433,CCn1nccc1NC(=O)c1ccc(C)c(NC(=O)c2cnn(-c3ccc(F)cc3)c2N)c1,1,pool
3.3666935,12.819559,Cc1ccc(C(=O)Nc2ccnn2C)cc1NC(=O)c1cnn(-c2ccccc2F)c1N,1,pool
9.589734,-0.3956953,Cc1oc2ncn(CCN3CCCCC3)c(=O)c2c1C(=O)Nc1ccc(S(N)(=O)=O)nc1,0,pool
9.53923,1.6296573,N#Cc1c(C2CCNCC2)cc(-c2c(O)cccc2OCC2CC2)nc1N,1,pool
8.876842,-0.09915238,CS(=O)(=O)CCNCc1ccc(-c2ccc3ncnc(Nc4ccc(OCc5cccc(F)c5)c(Cl)c4)c3c2)o1,0,pool
9.391865,4.3234043,N#CC[C@H](C1CCCC1)n1cc(-c2ncnc3[nH]ccc23)cn1,1,labeled
13.230299,3.6684353,COc1ccc(-c2cnc3nc(N)nc(N4CCN(C(=O)Nc5ccc(C)cc5)CC4)c3n2)cc1OC,1,pool
13.228551,3.654782,COc1ccc(-c2cnc3nc(N)nc(N4CCN(C(=O)Nc5cccc(C)c5)CC4)c3n2)cc1OC,1,pool
13.324229,3.579194,COc1ccc(-c2cnc3nc(N)nc(N4CCN(C(=O)Nc5ccc(F)cc5)CC4)c3n2)cc1OC,1,pool
13.209913,3.6756394,COc1ccc(-c2cnc3nc(N)nc(N4CCN(C(=O)Nc5ccccc5)CC4)c3n2)cc1OC,1,pool
13.263625,3.6290162,COc1ccc(-c2cnc3nc(N)nc(N4CCN(C(=O)Nc5ccc(C#N)cc5)CC4)c3n2)cc1OC,1,pool
7.14367,-2.2490354,C[C@@]1(O)[C@H](O)[C@@H](CO)O[C@H]1n1ccc(N)nc1=O,0,pool
7.0323577,-2.299936,Nc1ccn([C@@H]2O[C@H](CO)[C@@H](O)[C@@H]2O)c(=O)n1,0,pool
8.060259,0.27689344,O=C(Nc1ccc2c(c1)CNC(=O)N2c1c(Cl)cccc1Cl)c1ccccc1,0,pool
18.048895,-2.7068462,CN1CCN(C(=O)c2cc(C(C)(C)C)sc2NC(=O)Nc2cccc(Cl)c2Cl)CCC1=O,1,pool
18.039373,-2.6708024,CN(C)CCN1CCN(C(=O)c2cc(C(C)(C)C)sc2NC(=O)Nc2ccc(F)c(Cl)c2Cl)CCC1=O,1,pool
18.032614,-2.7018564,CN(C)CCN1CCN(C(=O)c2cc(C(C)(C)C)sc2NC(=O)Nc2cccc(Cl)c2Cl)CCC1=O,1,pool
8.887219,-0.047782954,CC(C)(C)c1cc(C(=O)N2CCNC(=O)CC2)c(NC(=O)Nc2ccc(Cl)cc2)s1,1,pool
18.015991,-2.725065,CC(C)(C)c1cc(C(=O)N2CCC(=O)N(CCC(N)=O)CC2)c(NC(=O)Nc2cccc(Cl)c2Cl)s1,1,pool
18.062506,-2.6920056,CC(C)(C)c1cc(C(=O)N2CCNC(=O)CC2)c(NC(=O)Nc2ccc(F)c(Cl)c2Cl)s1,1,pool
18.053164,-2.710285,CC(C)(C)c1cc(C(=O)N2CCC(=O)N(CC(N)=O)CC2)c(NC(=O)Nc2cccc(Cl)c2Cl)s1,1,pool
17.989468,-2.6720064,CC(C)(C)c1cc(C(=O)N2CCNC(=O)CC2)c(NC(=O)Nc2cccc(Cl)c2Cl)s1,1,pool
9.577198,-7.022383,CC[C@H]1C[C@H](C)[C@@]2(NC1=O)O[C@@H](C[C@H](O)[C@@H](C)CC/C=C/C=C(\C)[C@@H]1C/C=C/C=C/[C@H](O)[C@H](C)[C@@H](O)[C@@H](CCC(C)=O)C(=O)N[C@@H](C(C)C)C(=O)N[C@@H](Cc3cccc(O)c3)C(=O)N3CCCC(N3)C(=O)O1)[C@H](C)[C@H](O)[C@@H]2C,1,pool
11.381058,2.701968,COc1ccc(-c2ncc3c(n2)-c2[nH]c4c(c2CC3)C(=O)NCC42CC2)cc1,1,pool
9.784833,-2.4665887,Cc1cc(C(=O)N[C@H]2CC[C@@H](NC(=O)c3cc(F)cnc3Oc3cccc(-c4ccc(O)cc4CN4CCOCC4)c3)CC2)nn1C,1,pool
7.924829,-0.39365828,COc1ccc(C(=O)Cc2c(Cl)c[n+]([O-])cc2Cl)c(OCC(=O)NCc2ccccc2)c1OC,1,pool
7.623605,4.299783,CC[C@H](C)Nc1nc2ccc(-c3c(-c4ccccc4F)n[nH]c3N)cc2s1,1,pool
7.6689644,4.1918736,CC[C@@H](C)Nc1nc2ccc(-c3c(-c4ccccc4F)nn(C)c3N)cc2s1,1,pool
7.5861588,4.2870803,CC(C)Nc1nc2ccc(-c3c(-c4ccccc4F)n[nH]c3N)cc2s1,1,pool
7.633199,4.2424755,CC[C@@H](C)Nc1nc2ccc(-c3c(-c4ccccc4F)n[nH]c3N)cc2s1,1,pool
6.6479325,0.11713477,Cc1cn(Cc2cccc([N+](=O)[O-])c2)c2cc(C(=O)Nc3c(Cl)cncc3Cl)ccc12,1,pool
6.615743,0.07310916,Cc1cn(Cc2ccccc2)c2cc(C(=O)Nc3c(Cl)cncc3Cl)ccc12,1,pool
6.9586062,-0.23598278,Cc1cn(Cc2ccc(S(C)(=O)=O)cc2)c2cc(C(=O)Nc3c(Cl)cncc3Cl)ccc12,1,pool
6.6519203,0.10716987,Cc1cn(Cc2ccc(C(N)=O)cc2)c2cc(C(=O)Nc3c(Cl)cncc3Cl)ccc12,1,pool
6.6212153,0.13933422,COc1ccc(Cn2cc(C)c3ccc(C(=O)Nc4c(Cl)cncc4Cl)cc32)cc1,1,pool
10.438513,7.3303213,Cc1cc(Nc2cccc(NC(=O)c3cccc(Nc4ccnc5ccccc45)c3)c2)nc(N)n1,0,labeled
7.892796,4.4059095,CC(C)Nc1nc2ccc(-c3[nH]cnc3-c3ccccc3)cc2s1,1,pool
7.566631,4.276552,CC[C@H](C)Nc1nc2ccc(-c3[nH]cnc3-c3ccccc3F)cc2s1,1,pool
7.5756555,4.3451414,CC(C)Nc1nc2ccc(-c3[nH]cnc3-c3ccccc3F)cc2s1,1,pool
7.527906,4.348798,CC[C@@H](C)Nc1nc2ccc(-c3[nH]cnc3-c3ccccc3F)cc2s1,1,pool
10.121407,0.6090241,O=C(N/N=C/N1CCN(c2cc3c(cc2F)c(=O)c(C(=O)O)cn3C2CC2)CC1)c1ccc(C(F)(F)F)cc1,0,pool
12.52122,4.073407,O=C(Nc1cc(-c2cc3c(=O)[nH]cnc3[nH]2)ccn1)c1ccc(C2CCCC2)cc1,0,pool
9.375741,8.764405,CC(=O)c1cc(-c2ccccn2)c2ccccn12,0,pool
17.004961,-3.121718,CCC[C@@H]([C@@H](Cc1ccc(C)s1)C(=O)N[C@@H](CCC/N=C(/N)N[N+](=O)[O-])C(=O)Nc1nccs1)N(O)C=O,1,labeled
9.679819,-2.4488716,Cc1cc(C(=O)N[C@H]2CC[C@@H](NC(=O)c3cc(F)cnc3Oc3cccc(-c4ccc(CCCN5C[C@@H](C)N[C@@H](C)C5)cc4)c3)CC2)nn1C,1,pool
8.378214,0.8348413,NCC1(c2cccc(-c3ccnc4[nH]nc(C(F)(F)F)c34)c2)COC1,1,pool
8.347197,0.86395216,Cc1cc(-c2ccnc3[nH]nc(C(F)(F)F)c23)cc(C2(CN)COC2)c1,1,labeled
4.851283,-2.360248,C[C@]12CCC3=C(CC[C@@H]4[C@](C)(C(=O)O)CCC[C@@]34C)[C@H]1OC[C@@H]2O,1,pool
11.610274,3.8585641,COc1ccc(-c2ncc3c(n2)-c2[nH]c4c(c2CC3)C(=O)NCC4)cc1,1,pool
10.138835,4.3736978,COc1ccc(C2(Cc3ccncc3)C(=O)c3ccccc3C2=O)cc1OC1CCCC1,1,pool
7.093023,0.29300278,O=C(N/N=C/Nc1cc(Cl)ccc1O)c1ccncc1,0,pool
-21.448381,-0.85912573,O=C(N/N=C/Nc1ccc(Br)c(F)c1)c1ccncc1,0,labeled
11.38279,2.977371,COc1cc2c(cc1-c1cnco1)C(=O)N(C)C1(CCOCC1)N2,0,pool
4.9210324,-2.4458945,C=C1C[C@@]23CC[C@@H]4C(C)(C)[C@H](O)CC[C@@]4(C)[C@@H]2CC[C@H]1C3,0,pool
4.8451033,-2.4291403,C=C1C[C@@]23CC[C@H]4[C@@](C)(CC[C@@H](O)[C@@]4(C)C(=O)O)[C@@H]2CC[C@H]1C3,0,labeled
4.8316474,-2.3436503,C=C1C[C@@]23CC[C@@H]4[C@](C)(CO)[C@H](O)CC[C@@]4(C)[C@@H]2CC[C@H]1C3,0,pool
4.8272305,-2.3810153,C=C1C[C@@]23CC[C@@H]4C(C)(C)[C@H](OC(C)=O)CC[C@@]4(C)[C@@H]2CC[C@H]1C3,0,labeled
4.8919907,-2.5220287,C=C1C[C@@]23CC[C@@H]4[C@](C)(C=O)[C@H](O)CC[C@@]4(C)[C@@H]2CC[C@H]1C3,0,pool
5.9043155,-3.649067,C=C1C(=O)[C@@]23C(=O)OC[C@]4([C@@H](OC(C)=O)CCC(C)(C)[C@H]4C=O)[C@@H]2CC[C@@H]1[C@H]3OC(=O)CCCC(=O)Oc1ccc(-c2cc(=S)ss2)cc1,0,pool
4.4616456,13.35469,COCCOc1cncc(-c2cc3c(cn2)CCc2c-3[nH]c3c2C(=O)NCC3)c1,1,pool
9.994184,0.65266,CC(C)Nc1ncc(-c2cc(-c3ccccc3CNC(=O)NC3CC3)nc(NCCN(C)C)n2)s1,1,pool
-7.297566,10.812481,COCCNc1cc(C(=O)Nc2ccc3c(c2)-c2c(c(C(N)=O)nn2-c2ccc(F)cc2)CC3)c(Cl)cn1,1,pool
9.909343,3.8573105,COc1ccc(CCN(C)CCCC(C#N)(c2ccc(OC)c(OC)c2)C(C)C)cc1OC,0,pool
9.63873,5.257408,NC(=O)c1cc2c(-c3cccc(-c4ccccc4)c3)cnc(N)c2s1,1,pool
3.7587414,14.165001,CCCNC(=O)c1cn2ncnc(Nc3cc(C(=O)Nc4ccon4)ccc3C)c2c1C,1,pool
3.7118928,14.08937,CCNC(=O)c1cn2ncnc(Nc3cc(C(=O)Nc4ccon4)ccc3C)c2c1C,1,pool
17.648792,-2.6503983,CC(C)C[C@@H](C(=O)N[C@@H](CCC/N=C(/N)NS(C)(=O)=O)C(=O)Nc1nccs1)[C@H](C(C)C)N(O)C=O,1,pool
17.65656,-2.6430626,CC(C)C[C@@H](C(=O)N[C@H](C(=O)Nc1nccs1)[C@H](C)CC/N=C(/N)NS(C)(=O)=O)[C@H](CCC(F)(F)F)N(O)C=O,1,pool
17.003323,-3.1195066,CC(C)C[C@@H](C(=O)N[C@H](C(=O)Nc1nccs1)[C@H](C)CC/N=C(/N)N[N+](=O)[O-])[C@H](C)N(O)C=O,1,pool
17.599365,-2.6478198,CCC[C@@H]([C@@H](CC(C)C)C(=O)N[C@H](C(=O)Nc1nccs1)[C@H](C)CC/N=C(/N)NS(C)(=O)=O)N(O)C=O,1,pool
17.633331,-2.643738,CC(C)C[C@@H](C(=O)N[C@H](C(=O)Nc1nccs1)[C@H](C)CC/N=C(/N)NS(C)(=O)=O)[C@H](C(C)C)N(O)C=O,1,pool
16.988232,-3.1384974,CCC[C@@H]([C@@H](CC(C)C)C(=O)N[C@H](C(=O)Nc1nccs1)[C@H](C)CC/N=C(/N)N[N+](=O)[O-])N(O)C=O,1,pool
16.961672,-3.1615026,CCC[C@@H]([C@@H](CC(C)C)C(=O)N[C@@H](CCC/N=C(/N)N[N+](=O)[O-])C(=O)Nc1nccs1)N(O)C=O,1,pool
17.607021,-2.635136,CC(C)C[C@@H](C(=O)N[C@H](C(=O)Nc1nccs1)[C@H](C)CC/N=C(/N)NS(C)(=O)=O)[C@H](C)N(O)C=O,1,pool
17.666222,-2.6581378,CCC[C@@H]([C@@H](CC(C)C)C(=O)N[C@@H](CCC/N=C(/N)NS(C)(=O)=O)C(=O)Nc1nccs1)N(O)C=O,1,pool
